Brand,Current Price,Original Price,Discount Percentage,Rating,Number OF Ratings,Model Name,Dial Shape,Strap Color,Strap Material,Touchscreen,Battery Life (Days),Bluetooth,Display Size,Weight,Outliers,bin_cut_break,Price Range,INDEX,Brand_Encode,Dial Shape_Encode,Strap Color_Encode,Strap Material_Encode,Battery Life (Days)_Encode,Display Size_Encode,Weight_Encode,Bluetooth_Encode,Touchscreen_Encode
noise,1499.0,4999.0,70.0140028,4.1,148555.0,ColorFit Pro 2,Rectangle,Black,Synthetic,Yes,22.0,Yes,1.3 inches,<= 20 g,NO,Low,< 18000,37,1999.0,24565.0,16618.0,1999.0,22.0,18431.0,24258.0,1.0,1.0
noise,1999.0,5999.0,66.67777963,4.1,69379.0,ColorFit Pro 3,Rectangle,Black,Thermo Plastic Polyurethene,Yes,3.5,Yes,1.6 inches,20 - 35 g,NO,Low,< 18000,39,1499.0,24554.0,16608.0,1799.0,3.0,33155.0,18351.0,1.0,1.0
fire-boltt,3449.0,9999.0,65.50655066,3.8,83.0,ring,Square,Black,Rubber,Yes,22.0,Yes,0.1 inches,75g +,NO,Low,< 18000,74,19103.0,8197.0,16579.0,24786.0,22.0,3269.0,16455.0,1.0,1.0
honor,8999.0,14999.0,40.00266684,4.4,14613.0,Magic Watch 2 (46mm),Circle,Black,Fluoroelastomer,Yes,8.0,Yes,1.4 inches,20 - 35 g,NO,Low,< 18000,139,12199.0,21408.0,16468.0,22516.0,8.0,18067.0,18246.0,1.0,1.0
honor,12999.0,18999.0,31.58060951,4.2,84.0,Watch GS 3,Circle,Blue,Leather,Yes,8.0,Yes,1.4 inches,20 - 35 g,NO,Low,< 18000,140,11399.0,21339.0,15862.0,19780.0,8.0,17913.0,18186.0,1.0,1.0
honor,13999.0,15999.0,12.500781300000002,4.4,14613.0,Magic Watch 2 (46 mm),Circle,Brown,Leather,Yes,8.0,Yes,1.8 inches,20 - 35 g,NO,Low,< 18000,141,11199.0,21322.0,20326.0,19637.0,8.0,20548.0,18172.0,1.0,1.0
honor,17999.0,20999.0,14.28639459,4.4,1111.0,Watch GS Pro,Circle,Blue,Nylon,Yes,17.5,Yes,1.4 inches,20 - 35 g,NO,Low,< 18000,142,10399.0,21253.0,15584.0,19103.0,17.0,17721.0,18112.0,1.0,1.0
honor,4999.0,10999.0,54.55041367,4.3,2241.0,Watch ES,Rectangle,Pink,Silicon,Yes,22.0,Yes,1.6 inches,<= 20 g,NO,Low,< 18000,143,12999.0,24491.0,14071.0,15046.0,22.0,33005.0,24163.0,1.0,1.0
honor,10999.0,13999.0,21.43010215,4.4,14613.0,Magic Watch 2 (42 mm),Circle,Black,Fluoroelastomer,Yes,22.0,Yes,1.7 inches,<= 20 g,NO,Low,< 18000,146,11799.0,21374.0,16428.0,22350.0,22.0,18457.0,24001.0,1.0,1.0
samsung,12990.0,29999.0,56.69855662,4.4,35511.0,"Watch 4, 44mmSuper AMOLED bluetooth calling function & body composition tracking",Circle,Black,Rubber,Yes,3.5,Yes,1.4 inches,<= 20 g,NO,Low,< 18000,155,27277.0,21339.0,16388.0,23991.0,3.0,17913.0,23947.0,1.0,1.0
samsung,16999.0,34999.0,51.43004086,4.2,567.0,Galaxy Watch4 LTE (4.4cm),Circle,Black,Fluoroelastomer,Yes,3.5,Yes,1.4 inches,<= 20 g,NO,Low,< 18000,156,27110.0,21270.0,16308.0,21850.0,3.0,17759.0,23839.0,1.0,1.0
samsung,17490.0,34999.0,50.02714363,4.2,567.0,Galaxy Watch4 Classic Bluetooth(4.2cm),Circle,Silver,Fluoroelastomer,Yes,3.5,Yes,1.2 inches,20 - 35 g,NO,Low,< 18000,157,27089.0,21262.0,17698.0,21809.0,3.0,32195.0,18119.0,1.0,1.0
samsung,11999.0,30990.0,61.28105841,4.3,1489.0,Galaxy Watch 3 41 mm,Circle,Black,Leather,Yes,3.5,Yes,1.6 inches,20 - 35 g,NO,Low,< 18000,158,27318.0,21356.0,16408.0,19923.0,3.0,32655.0,18201.0,1.0,1.0
samsung,16999.0,28490.0,40.33345033,4.1,1980.0,Galaxy Watch Active 2 Aluminium LTE,Circle,Grey,Silicon,Yes,3.5,Yes,1.4 inches,<= 20 g,NO,Low,< 18000,159,27110.0,21270.0,12476.0,14906.0,3.0,17759.0,23839.0,1.0,1.0
samsung,16999.0,31990.0,46.86151922,4.4,23940.0,Galaxy Watch Active 2 Steel,Circle,Black,Leather,Yes,3.5,Yes,1.7 inches,20 - 35 g,NO,Low,< 18000,160,27110.0,21270.0,16308.0,19208.0,3.0,17857.0,18127.0,1.0,1.0
samsung,16999.0,25990.0,34.59407464,4.4,23940.0,Galaxy Watch Active 2 Aluminium,Circle,Beige,Silicon,Yes,3.5,Yes,1.7 inches,<= 20 g,NO,Low,< 18000,161,27110.0,21270.0,14494.0,14906.0,3.0,17857.0,23839.0,1.0,1.0
samsung,16990.0,33999.0,50.027941999999996,4.5,12211.0,Galaxy Watch 46 mm,Circle,Black,Rubber,Yes,3.5,Yes,1.8 inches,75g +,NO,Low,< 18000,162,27110.0,21270.0,16308.0,23658.0,3.0,20412.0,16057.0,1.0,1.0
garmin,16990.0,20990.0,19.05669366,4.4,90.0,"Venu Sq, Smartwatch, Advanced Sleep Monitoring, Upto 6 Days of Battery, SPO2",Square,Grey,Silicon,Yes,17.5,Yes,1.3 inches,20 - 35 g,NO,Low,< 18000,164,42101.0,7773.0,12476.0,14906.0,17.0,17325.0,18127.0,1.0,1.0
huawei,14990.0,20990.0,28.5850405,4.5,3228.0,Watch GT 2 (46 mm),Circle,Black,Fluoroelastomer,Yes,8.0,Yes,1.8 inches,20 - 35 g,NO,Low,< 18000,167,12590.0,21305.0,16348.0,22017.0,8.0,20503.0,18157.0,1.0,1.0
huawei,14990.0,19990.0,25.01250625,4.7,,Watch GT 2 (42 mm),Circle,Black,Fluoroelastomer,Yes,22.0,Yes,1.7 inches,<= 20 g,NO,Low,< 18000,169,12590.0,21305.0,16348.0,22017.0,22.0,18058.0,23893.0,1.0,1.0
huawei,10990.0,20990.0,47.64173416,4.5,203.0,Watch GT Sport,Circle,Black,Silicon,Yes,8.0,Yes,1.8 inches,75g +,NO,Low,< 18000,171,13390.0,21374.0,16428.0,14976.0,8.0,20684.0,16234.0,1.0,1.0
huawei,10990.0,21990.0,50.02273761,4.5,93.0,Watch GT Classic,Circle,Brown,Leather,Yes,8.0,Yes,1.8 inches,75g +,NO,Low,< 18000,172,13390.0,21374.0,21329.0,20067.0,8.0,20684.0,16234.0,1.0,1.0
huawei,6990.0,14990.0,53.36891261,4.3,119.0,Watch Fit,Rectangle,Pink,Silicon,Yes,22.0,Yes,4.2 inches,<= 20 g,NO,Low,< 18000,175,14190.0,24448.0,13823.0,15023.0,22.0,19103.0,24109.0,1.0,1.0
dizo,1299.0,5499.0,76.37752319,4.0,1598.0,"Watch D Sharp 1.75"" with High Res (320*390) Display (By realme techLife)",Rectangle,Grey,Silicon,Yes,8.0,Yes,1.8 inches,20 - 35 g,NO,Low,< 18000,181,3222.0,24569.0,13597.0,15089.0,8.0,21125.0,18361.0,1.0,1.0
dizo,1799.0,4999.0,64.01280256,4.2,34953.0,Watch D 1.8 inch Dynamic display with 550nits brightness,Rectangle,Black,Silicon,Yes,8.0,Yes,1.8 inches,75g +,NO,Low,< 18000,182,3193.0,24559.0,16612.0,15083.0,8.0,21102.0,16504.0,1.0,1.0
dizo,3299.0,5999.0,45.00750125,4.0,28926.0,Watch R AMOLED with 45 mm Dial Size (by realme techLife),Circle,Black,Silicon,Yes,22.0,Yes,1.3 inches,20 - 35 g,NO,Low,< 18000,183,3104.0,21506.0,16582.0,15066.0,22.0,18302.0,18331.0,1.0,1.0
dizo,1999.0,5999.0,66.67777963,4.1,561.0,"Watch D2 with 1.91 inch super big display ,BT Calling (by realme TechLife)",Rectangle,Black,Silicon,Yes,22.0,Yes,1.9 inches,20 - 35 g,NO,Low,< 18000,184,3181.0,24554.0,16608.0,15081.0,22.0,12421.0,18351.0,1.0,1.0
dizo,1699.0,3999.0,57.51437859,4.2,110067.0,Watch 2,Rectangle,Pink,Silicon,Yes,12.5,Yes,1.7 inches,75g +,NO,Low,< 18000,185,3199.0,24561.0,14484.0,15084.0,12.0,19387.0,16507.0,1.0,1.0
dizo,1199.0,3499.0,65.73306659,4.2,62964.0,"Watch 2 sports (by realme techlife) 1.69"" Bright screen with 110+ sports modes",Square,Blue,Silicon,Yes,22.0,Yes,1.7 inches,20 - 35 g,NO,Low,< 18000,186,3228.0,8267.0,16518.0,15090.0,22.0,19437.0,18363.0,1.0,1.0
dizo,4499.0,6999.0,35.71938848,4.2,6385.0,"Watch R Talk, Amoled Display with Calling & 10 days battery",Circle,Grey,Silicon,Yes,22.0,Yes,1.3 inches,75g +,NO,Low,< 18000,187,3034.0,21486.0,13369.0,15052.0,22.0,18217.0,16425.0,1.0,1.0
dizo,3499.0,5999.0,41.67361227,4.2,1785.0,Watch D Talk 1.8 display with calling&7 day battery (by realme Techlife),Rectangle,Grey,Silicon,Yes,22.0,Yes,1.8 inches,75g +,NO,Low,< 18000,188,3093.0,24523.0,13440.0,15063.0,22.0,21025.0,16454.0,1.0,1.0
dizo,1999.0,3999.0,50.01250313,3.9,3492.0,Watch S 1.57 Bright touch screen with rectangular display and 110+ sports modes,Rectangle,Pink,Silicon,Yes,22.0,Yes,1.6 inches,20 - 35 g,NO,Low,< 18000,189,3181.0,24554.0,14446.0,15081.0,22.0,33155.0,18351.0,1.0,1.0
dizo,1999.0,4999.0,60.0120024,4.1,717.0,"Watch D Plus with 1.85inch,550nits display&14 day battery",Rectangle,Blue,Silicon,Yes,8.0,Yes,1.9 inches,20 - 35 g,NO,Low,< 18000,190,3181.0,24554.0,16473.0,15081.0,8.0,12421.0,18351.0,1.0,1.0
dizo,2799.0,3999.0,30.00750188,4.1,7586.0,Watch Pro,Square,Black,Silicon,Yes,8.0,Yes,1.8 inches,20 - 35 g,NO,Low,< 18000,191,3134.0,8217.0,16592.0,15072.0,8.0,21057.0,18339.0,1.0,1.0
dizo,3299.0,6999.0,52.86469496,3.9,345.0,WATCH D ULTRA 1.78 AMOLED WITH CALLING,Square,Blue,Silicon,Yes,22.0,Yes,1.8 inches,20 - 35 g,NO,Low,< 18000,192,3104.0,8201.0,16401.0,15066.0,22.0,21034.0,18331.0,1.0,1.0
dizo,3999.0,6999.0,42.86326618,4.1,663.0,"Watch R Talk Go, 1.39 inch, 550nits display, 10 day battery (by realme TechLife)",Circle,Blue,Silicon,Yes,22.0,Yes,1.4 inches,20 - 35 g,NO,Low,< 18000,193,3063.0,21494.0,16362.0,15058.0,22.0,18259.0,18321.0,1.0,1.0
dizo,2699.0,5999.0,55.00916819,3.3,222.0,"WATCH D PRO WITH CALLING,D1 CHIPSET,OS,1.85 INCH DISPLAY",Square,Grey,Silicon,Yes,22.0,Yes,1.9 inches,20 - 35 g,NO,Low,< 18000,194,3140.0,8220.0,13497.0,15073.0,22.0,12343.0,18340.0,1.0,1.0
dizo,5999.0,6999.0,14.28775539,4.2,13.0,"R Talk, Amoled Display with Calling & 10 days battery",Circle,Black,Silicon,Yes,22.0,Yes,1.3 inches,75g +,NO,Low,< 18000,195,2946.0,21460.0,16528.0,15034.0,22.0,18110.0,16380.0,1.0,1.0
dizo,5999.0,6999.0,14.28775539,4.2,13.0,R TALK SMARTWATCH Amoled Display with Calling10 Days Battery(SilverGrey)FreeSize,Circle,Grey,Silicon,Yes,22.0,Yes,1.3 inches,75g +,NO,Low,< 18000,196,2946.0,21460.0,13262.0,15034.0,22.0,18110.0,16380.0,1.0,1.0
dizo,3999.0,5999.0,33.33888981,4.2,42860.0,D TALK SMART WATCH (SILVER GREY),Rectangle,Grey,Silicon,Yes,22.0,Yes,1.8 inches,75g +,NO,Low,< 18000,197,3063.0,24512.0,13404.0,15058.0,22.0,21002.0,16439.0,1.0,1.0
dizo,3999.0,5999.0,33.33888981,4.2,42860.0,"D Talk DW 32051 Smart Watch with Up to 7 Day Battery Life, Classic Black",Rectangle,Black,Silicon,Yes,22.0,Yes,1.8 inches,75g +,NO,Low,< 18000,198,3063.0,24512.0,16568.0,15058.0,22.0,21002.0,16439.0,1.0,1.0
gizmore,1199.0,4499.0,73.34963325,4.7,,GizFit CLOUD 1.85 IPS Large Display | AI Voice Assistant | Bluetooth Calling,Square,Blue,Silicon,Yes,22.0,Yes,1.8 inches,20 - 35 g,NO,Low,< 18000,208,2599.0,8267.0,16518.0,15090.0,22.0,21130.0,18363.0,1.0,1.0
gizmore,1799.0,5999.0,70.01166861,4.2,4813.0,"GizFit Ultra BT Calling Smartwatch With 1.69"" HD Display| 60+ Sports Mode",Square,Grey,Silicon,Yes,3.5,Yes,0.1 inches,20 - 35 g,NO,Low,< 18000,209,2524.0,8248.0,13562.0,15083.0,3.0,3682.0,18354.0,1.0,1.0
gizmore,1299.0,5499.0,76.37752319,3.8,3137.0,GizFit BLAZE BT Calling Smartwatch | 1.69 Inch IPS Curved 500 NITS Display,Square,Black,Silicon,Yes,3.5,Yes,0.1 inches,20 - 35 g,NO,Low,< 18000,210,2586.0,8264.0,16622.0,15089.0,3.0,3807.0,18361.0,1.0,1.0
gizmore,2799.0,8999.0,68.89654406,4.0,1994.0,GizFit GLOW AMOLED with 3.4 Cm | ALWAYS-ON | 550 NITS Brightness | BT Calling,Circle,Black,Silicon,Yes,3.5,Yes,1.4 inches,75g +,NO,Low,< 18000,211,2399.0,21515.0,16592.0,15072.0,3.0,18305.0,16475.0,1.0,1.0
gizmore,1999.0,6999.0,71.43877697,3.8,927.0,GizFit PLASMA Bluetooth Calling Smartwatch | 1.9 Inch HD Display | 550 NITS,Square,Blue,Silicon,Yes,22.0,Yes,1.9 inches,20 - 35 g,YES,Low,< 18000,214,2499.0,8242.0,16473.0,15081.0,22.0,12421.0,18351.0,1.0,1.0
gizmore,2399.0,5499.0,56.37388616,5.0,3.0,GIZFIT BLAZE X 1.85 Inch Ultra HD Display | 600 NITS | BT Calling Smartwatch,Square,Burgundy,Silicon,Yes,3.5,Yes,1.9 inches,<= 20 g,NO,Low,< 18000,215,2449.0,8229.0,19103.0,15076.0,3.0,12376.0,24233.0,1.0,1.0
gizmore,1999.0,5999.0,66.67777963,3.5,30.0,Gizfit Slate BT Calling | 1.57 Inch display | AI voice Assistance,Rectangle,Black,Silicon,Yes,3.5,Yes,1.6 inches,<= 20 g,NO,Low,< 18000,218,2499.0,24554.0,16608.0,15081.0,3.0,33155.0,24244.0,1.0,1.0
gizmore,1499.0,6999.0,78.58265466,4.7,,Vogue 1.95 Edge to Edge Larger IPS HD Display Bluetooth Calling,Square,Grey,Silicon,Yes,22.0,Yes,1.9 inches,20 - 35 g,YES,Low,< 18000,220,2561.0,8257.0,13583.0,15087.0,22.0,12476.0,18358.0,1.0,1.0
gizmore,6999.0,,,4.7,,GizFIt Vogue 1.95 Always On 600 NITS HD Display Bluetooth Calling,Square,Orange,Silicon,Yes,22.0,Yes,1.9 inches,20 - 35 g,YES,Low,< 18000,221,1874.0,8086.0,19103.0,15023.0,22.0,11865.0,18276.0,1.0,1.0
ambrane,1999.0,5999.0,66.67777963,3.9,1099.0,Pulse,Rectangle,Black,Synthetic,Yes,22.0,Yes,1.3 inches,20 - 35 g,NO,Low,< 18000,232,19103.0,24554.0,16608.0,1499.0,22.0,18395.0,18351.0,1.0,1.0
zebronics,2199.0,4999.0,56.01120224,3.9,272.0,Zeb-Fit Me,Square,Green,Thermo Plastic Polyurethene,Yes,22.0,Yes,3.3 inches,20 - 35 g,NO,Low,< 18000,245,2513.0,8236.0,46843.0,1699.0,22.0,2399.0,18348.0,1.0,1.0
zebronics,3499.0,5499.0,36.37024914,3.9,22.0,SPECIAL EDITION Zeb-Fit380CH BLUETOOTH CALLING,Square,Black,Silicon,Yes,22.0,Yes,4.3 inches,75g +,NO,Low,< 18000,246,2327.0,8195.0,16578.0,15063.0,22.0,2649.0,16454.0,1.0,1.0
zebronics,2399.0,7999.0,70.00875109,3.9,1328.0,Zeb-Fit4220CH,Circle,Silver,Silicon,Yes,22.0,Yes,3.3 inches,75g +,NO,Low,< 18000,248,2484.0,21522.0,21471.0,15076.0,22.0,2199.0,16486.0,1.0,1.0
zebronics,1799.0,3999.0,55.01375344,4.2,1823.0,ZEB-FIT8220CH,Square,Rose Gold,Silicon,Yes,22.0,Yes,4.3 inches,20 - 35 g,NO,Low,< 18000,256,2570.0,8248.0,19103.0,15083.0,22.0,3499.0,18354.0,1.0,1.0
zebronics,3499.0,7999.0,56.25703213,1.0,1.0,Zeb Fit 4220 CH,Circle,Black,Silicon,Yes,22.0,Yes,1.3 inches,75g +,NO,Low,< 18000,257,2327.0,21503.0,16578.0,15063.0,22.0,18288.0,16454.0,1.0,1.0
zebronics,1399.0,4499.0,68.90420093,4.0,469.0,ZEB-FIT920CH,Square,Red,Thermo Plastic Polyurethene,Yes,22.0,Yes,3.5 inches,20 - 35 g,NO,Low,< 18000,258,2627.0,8261.0,34960.0,2099.0,22.0,19103.0,18360.0,1.0,1.0
zebronics,3499.0,5999.0,41.67361227,3.9,,SPECIAL EDITION Zeb-Fit380CH METALLIC STRAP,Square,Silver,Stainless Steel,Yes,22.0,Yes,4.3 inches,75g +,NO,Low,< 18000,259,2327.0,8195.0,21196.0,73900.0,22.0,2649.0,16454.0,1.0,1.0
zebronics,1499.0,2999.0,50.01667222,3.1,24.0,Smart Time 200,Circle,Black,Rubber,Yes,22.0,Yes,2.7 inches,75g +,NO,Low,< 18000,264,2613.0,21537.0,16618.0,24949.0,22.0,19103.0,16513.0,1.0,1.0
pebble,2799.0,7499.0,62.67502334,4.4,12644.0,"Cosmos Ultra 1.91"" 600 nits BT-Calling High-Res Curved Display, Ultra-Thin Dial",Rectangle,Black,Silicon,Yes,22.0,Yes,1.9 inches,75g +,NO,Low,< 18000,269,3473.0,24537.0,16592.0,15072.0,22.0,12332.0,16475.0,1.0,1.0
pebble,4199.0,9999.0,58.00580058,4.2,541.0,"Cosmos Luxe 2.0 1.43"" AMOLED Display with BT Calling and Responsive Watch Faces",Circle,Midnight,Silicon,Yes,22.0,Yes,1.4 inches,20 - 35 g,NO,Low,< 18000,271,3333.0,21491.0,29650.0,15055.0,22.0,18251.0,18318.0,1.0,1.0
pebble,1999.0,4999.0,60.0120024,4.0,4240.0,"Frost 1.87'' BT Calling with 2.5D Curved HD Display, AI Voice Assisst",Rectangle,Blue,Silicon,Yes,3.5,Yes,20.0 inches,20 - 35 g,NO,Low,< 18000,272,3553.0,24554.0,16473.0,15081.0,3.0,1999.0,18351.0,1.0,1.0
pebble,1999.0,4999.0,60.0120024,4.0,4240.0,"Frost 1.87 BT Calling with 2.5D Curved HD Display, AI Voice Assisst",Rectangle,Orange Alpine,Silicon,Yes,3.5,Yes,20.0 inches,20 - 35 g,NO,Low,< 18000,274,3553.0,24554.0,89900.0,15081.0,3.0,1999.0,18351.0,1.0,1.0
pebble,3999.0,9999.0,60.00600060000001,3.9,677.0,"Cosmos Grande 2.1 Largest Display, BT Calling, Wireless Charging,GPS Trajectory",Rectangle,Blue,Silicon,Yes,22.0,Yes,2.1 inches,20 - 35 g,NO,Low,< 18000,277,3353.0,24512.0,16362.0,15058.0,22.0,19103.0,18321.0,1.0,1.0
pebble,4990.0,6999.0,28.70410059,4.1,1964.0,Cosmos,Square,Maroon,Silicon,Yes,8.0,Yes,0.1 inches,75g +,NO,Low,< 18000,279,3254.0,8148.0,4990.0,15046.0,8.0,2884.0,16410.0,1.0,1.0
pebble,1499.0,4499.0,66.68148477,3.8,1338.0,"Spark Ace 1.85 Large HD Display, Health Suite, 100+ Watch Faces, 7 days battery",Rectangle,Blue,Silicon,Yes,17.5,Yes,1.9 inches,75g +,NO,Low,< 18000,280,3603.0,24565.0,16501.0,15087.0,17.0,12476.0,16513.0,1.0,1.0
pebble,4990.0,6999.0,28.70410059,5.0,3.0,"Pebble Cosmos, Bluetooth Calling smartwatch Multi Sports Modes",Square,Blue,Rubber,Yes,8.0,Yes,0.2 inches,75g +,NO,Low,< 18000,281,3254.0,8148.0,16307.0,24658.0,8.0,19103.0,16410.0,1.0,1.0
pebble,3069.0,4999.0,38.60772154,4.0,1371.0,Pace Unisex Smart Watch with Full Touch Dynamic Colour Display (Black,Rectangle,Black,Silicon,Yes,22.0,Yes,1.4 inches,20 - 35 g,NO,Low,< 18000,288,3446.0,24532.0,16586.0,15068.0,22.0,18295.0,18335.0,1.0,1.0
pebble,2999.0,4999.0,40.0080016,4.0,1371.0,Pace Unisex Smart Watch with Full Touch Dynamic Colour Display (Blue,Rectangle,Blue,Silicon,Yes,22.0,Yes,1.4 inches,20 - 35 g,NO,Low,< 18000,295,3453.0,24533.0,16418.0,15069.0,22.0,18297.0,18336.0,1.0,1.0
pebble,4990.0,6999.0,28.70410059,4.1,,"Pebble Cosmos, Bluetooth Calling smartwatch 24 Hour Health Tracking (Burgundy)",Square,Maroon,Silicon,Yes,8.0,Yes,0.1 inches,75g +,NO,Low,< 18000,296,3254.0,8148.0,4990.0,15046.0,8.0,2884.0,16410.0,1.0,1.0
fitbit,11699.0,14999.0,22.00146676,4.3,3999.0,Versa 2,Square,Black,Silicon,Yes,3.5,Yes,1.3 inches,20 - 35 g,NO,Low,< 18000,299,18297.0,7939.0,16414.0,14968.0,3.0,17702.0,18206.0,1.0,1.0
fitbit,14999.0,,,4.7,,Charge 5,Rectangle,Black,Silicon,Yes,22.0,Yes,1.0 inches,<= 20 g,NO,Low,< 18000,300,17826.0,24278.0,16348.0,14930.0,22.0,16999.0,23893.0,1.0,1.0
fitbit,8999.0,23499.0,61.70475339,4.1,4475.0,Versa Special Edition,Square,Charcoal,Fabric,Yes,3.5,Yes,1.3 inches,20 - 35 g,NO,Low,< 18000,306,18683.0,8023.0,19103.0,89900.0,3.0,17895.0,18246.0,1.0,1.0
fitbit,16999.0,,,4.2,426.0,Versa Lite Edition,Square,Purple,Silicon,Yes,3.5,Yes,1.0 inches,20 - 35 g,NO,Low,< 18000,307,17540.0,7773.0,19103.0,14906.0,3.0,14999.0,18127.0,1.0,1.0
amazfit,3999.0,5999.0,33.33888981,4.2,3130.0,"Pop 2 with Ultra-large 1.78 inch HD AMOLED Display, BT Calling, SpO2",Square,Pink,Silicon,Yes,22.0,Yes,1.8 inches,75g +,NO,Low,< 18000,309,10299.0,8179.0,14196.0,15058.0,22.0,21002.0,16439.0,1.0,1.0
amazfit,7499.0,16999.0,55.88564033,4.3,11520.0,GTR 2 (New version)1.39HD AMOLEDBluetooth callingupto 10 days battery life,Circle,Grey,Silicon,Yes,8.0,Yes,1.4 inches,<= 20 g,NO,Low,< 18000,310,9949.0,21434.0,13154.0,15017.0,8.0,18124.0,24096.0,1.0,1.0
amazfit,4499.0,5999.0,25.00416736,4.1,333.0,Bip 3 Pro with 1.69 inch Large Color Display Built-in GPS,Square,Beige,Silicon,Yes,8.0,Yes,1.7 inches,<= 20 g,NO,Low,< 18000,311,10249.0,8164.0,20744.0,15052.0,8.0,19107.0,24177.0,1.0,1.0
amazfit,9999.0,17999.0,44.44691372,4.5,5265.0,T rex Pro 1.3HD AMOLED with advanced GPS & 10ATM water resistance,Circle,Black,Silicon,Yes,12.5,Yes,1.3 inches,75g +,NO,Low,< 18000,312,9699.0,21391.0,16448.0,14988.0,12.0,17824.0,16263.0,1.0,1.0
amazfit,16999.0,23999.0,29.167882000000002,4.3,575.0,GTR 4 1.43AMOLED display Bluetooth calling & 6 satellite GPS positioning system,Circle,Black,Silicon,Yes,8.0,Yes,1.4 inches,<= 20 g,NO,Low,< 18000,313,8999.0,21270.0,16308.0,14906.0,8.0,17759.0,23839.0,1.0,1.0
amazfit,4999.0,6999.0,28.57551079,4.1,4694.0,Bip U pro 1.43 HD display GLONASS GPS & AI assistant,Rectangle,Pink,Silicon,Yes,22.0,Yes,1.4 inches,<= 20 g,NO,Low,< 18000,314,10199.0,24491.0,14071.0,15046.0,22.0,18221.0,24163.0,1.0,1.0
amazfit,13999.0,18999.0,26.31717459,4.1,306.0,"GTS 3 1,75 HD AMOLED with advanced GPS and 150+ sports modes",Square,Misty Rose,Silicon,Yes,8.0,Yes,1.8 inches,20 - 35 g,NO,Low,< 18000,315,9299.0,7867.0,19103.0,14941.0,8.0,20548.0,18172.0,1.0,1.0
amazfit,13999.0,18999.0,26.31717459,4.1,918.0,GTR 3 1.3 HD AMOLED with Always on Display and powerful Zepp OS,Circle,Grey,Silicon,Yes,17.5,Yes,1.4 inches,20 - 35 g,NO,Low,< 18000,316,9299.0,21322.0,12690.0,14941.0,17.0,17874.0,18172.0,1.0,1.0
amazfit,8999.0,13999.0,35.71683692,4.3,578.0,GTR 2e,Circle,Black,Silicon,Yes,17.5,Yes,1.4 inches,<= 20 g,NO,Low,< 18000,318,9799.0,21408.0,16468.0,14999.0,17.0,18067.0,24055.0,1.0,1.0
amazfit,2999.0,5999.0,50.00833472,3.8,15.0,Bip U,Square,Black,Silicon,Yes,22.0,Yes,1.4 inches,<= 20 g,NO,Low,< 18000,319,10399.0,8211.0,16588.0,15069.0,22.0,18297.0,24217.0,1.0,1.0
fossil,14995.0,,,3.9,41.0,Charter Hybrid HR Smartwatch,Circle,Black,Leather,No,3.5,Yes,1.2 inches,75g +,NO,Low,< 18000,332,19103.0,21305.0,16348.0,19495.0,3.0,32444.0,16116.0,1.0,0.0
samsung,27999.0,29999.0,6.666888896000001,4.3,435.0,Watch 5 40mmSuper AMOLED displayBluetooth calling & body composition tracking,Circle,Graphite,Rubber,Yes,3.5,Yes,1.2 inches,<= 20 g,NO,Medium,< 56000,340,26651.0,21080.0,34499.0,22741.0,3.0,31144.0,23542.0,1.0,1.0
samsung,35999.0,39999.0,10.00025001,4.3,435.0,Watch 5 44mmSuper AMOLED displayLTE calling & body composition tracking,Circle,Graphite,Rubber,Yes,3.5,Yes,1.4 inches,<= 20 g,NO,Medium,< 56000,341,26318.0,20943.0,30499.0,22074.0,3.0,17028.0,23325.0,1.0,1.0
samsung,22749.0,37999.0,40.13263507,4.2,567.0,Galaxy Watch4 Classic Bluetooth (4.6cm),Circle,Black,Fluoroelastomer,Yes,3.5,Yes,1.4 inches,75g +,NO,Medium,< 56000,342,26870.0,21171.0,16193.0,21370.0,3.0,17538.0,15888.0,1.0,1.0
samsung,32999.0,35999.0,8.333564821,4.3,435.0,Watch 5 40mmSuper AMOLED display LTE calling & body composition tracking,Circle,Graphite,Rubber,Yes,3.5,Yes,1.2 inches,<= 20 g,NO,Medium,< 56000,343,26443.0,20994.0,31999.0,22324.0,3.0,30644.0,23406.0,1.0,1.0
samsung,44999.0,48999.0,8.163431907,4.4,88.0,Watch 5 pro 45mmSuper AMOLED displayBluetooth callingwith advanced GPS tracking,Circle,Black,Rubber,Yes,3.5,Yes,1.4 inches,20 - 35 g,NO,Medium,< 56000,344,25943.0,20787.0,15748.0,21324.0,3.0,16682.0,17709.0,1.0,1.0
samsung,34997.0,42999.0,18.60973511,4.2,567.0,Galaxy Watch4 Classic LTE (4.6cm),Circle,Silver,Fluoroelastomer,Yes,3.5,Yes,1.4 inches,75g +,NO,Medium,< 56000,345,26360.0,20960.0,13322.0,20350.0,3.0,17067.0,15528.0,1.0,1.0
samsung,49999.0,54999.0,9.091074382999999,4.4,88.0,Watch 5 pro45mmSuper AMOLED displayLTE callingwith advanced GPS tracking,Circle,Grey,Rubber,Yes,3.5,Yes,1.4 inches,20 - 35 g,NO,Medium,< 56000,346,25735.0,20701.0,10119.0,20907.0,3.0,16490.0,17634.0,1.0,1.0
samsung,24999.0,26999.0,7.4076817660000005,4.1,91.0,Galaxy Watch4 Bluetooth (4.0cm),Circle,Black,Fluoroelastomer,Yes,3.5,Yes,4.0 inches,<= 20 g,NO,Medium,< 56000,347,26776.0,21132.0,16148.0,21183.0,3.0,19103.0,23623.0,1.0,1.0
samsung,31999.0,34999.0,8.571673476,3.8,40.0,Galaxy Watch4 Classic Bluetooth (4.2cm),Circle,Black,Fluoroelastomer,Yes,3.5,Yes,1.2 inches,20 - 35 g,NO,Medium,< 56000,348,26485.0,21012.0,16008.0,20600.0,3.0,30744.0,17903.0,1.0,1.0
samsung,39490.0,,,4.3,1489.0,Galaxy Watch 3 45 mm LTE,Circle,Black,Leather,Yes,3.5,Yes,1.8 inches,20 - 35 g,NO,Medium,< 56000,349,26173.0,20882.0,15858.0,15995.0,3.0,19389.0,17791.0,1.0,1.0
samsung,31999.0,39999.0,20.00050001,4.2,567.0,Galaxy Watch4 Classic LTE (4.2cm),Circle,Black,Fluoroelastomer,Yes,3.5,Yes,1.2 inches,20 - 35 g,NO,Medium,< 56000,350,26485.0,21012.0,16008.0,20600.0,3.0,30744.0,17903.0,1.0,1.0
samsung,28999.0,31999.0,9.375292978,3.8,12.0,Galaxy Watch4 LTE (4.0cm),Circle,Pink,Fluoroelastomer,Yes,3.5,Yes,1.2 inches,<= 20 g,NO,Medium,< 56000,351,26610.0,21063.0,11071.0,20850.0,3.0,31044.0,23515.0,1.0,1.0
samsung,27490.0,29989.0,8.333055454,4.2,201.0,Galaxy Watch 46 mm LTE,Circle,Black,Silicon,Yes,3.5,Yes,1.8 inches,75g +,NO,Medium,< 56000,352,26673.0,21089.0,16098.0,14784.0,3.0,19934.0,15748.0,1.0,1.0
samsung,19990.0,,,4.3,68.0,Galaxy Watch Active,Circle,Blue,Rubber,Yes,3.5,Yes,1.1 inches,<= 20 g,NO,Medium,< 56000,353,26985.0,21219.0,15474.0,23408.0,3.0,19103.0,23758.0,1.0,1.0
samsung,24490.0,28490.0,14.04001404,3.7,153.0,Galaxy Watch 42 mm LTE,Circle,Beige,Silicon,Yes,3.5,Yes,1.7 inches,20 - 35 g,NO,Medium,< 56000,354,26798.0,21141.0,10749.0,14819.0,3.0,17108.0,18015.0,1.0,1.0
samsung,30990.0,34490.0,10.14786895,4.1,1980.0,Galaxy Watch Active 2 Steel LTE,Circle,Brown,Silicon,Yes,17.5,Yes,1.4 inches,20 - 35 g,NO,Medium,< 56000,355,26527.0,21029.0,14662.0,14744.0,17.0,17221.0,17918.0,1.0,1.0
samsung,29990.0,30990.0,3.22684737,4.3,1489.0,Galaxy Watch 3 41 mm LTE,Circle,Pink,Leather,Yes,3.5,Yes,1.6 inches,20 - 35 g,NO,Medium,< 56000,356,26568.0,21046.0,10948.0,17353.0,3.0,31755.0,17933.0,1.0,1.0
garmin,33490.0,,,4.7,,"Venu Sq 2 Music, AMOLED, Mindful Breathing, Upto 11 Days Battery",Square,Black,Silicon,Yes,17.5,Yes,1.4 inches,20 - 35 g,NO,Medium,< 56000,363,40267.0,7258.0,15978.0,14715.0,17.0,17125.0,17881.0,1.0,1.0
garmin,24990.0,36490.0,31.51548369,4.4,43.0,"Forerunner 245 Music, GPS Running Smartwatch, Advanced Running Dynamics",Circle,Red,Silicon,No,22.0,Yes,1.2 inches,20 - 35 g,NO,Medium,< 56000,364,41212.0,21132.0,27096.0,14813.0,22.0,31445.0,18007.0,1.0,0.0
garmin,34990.0,51990.0,32.69859588,4.3,6.0,"Forerunner 745, GPS Multisport Watch, Training Stats, Advanced Running Dynamics",Circle,Red,Silicon,No,22.0,Yes,1.2 inches,20 - 35 g,NO,Medium,< 56000,365,40101.0,20960.0,23763.0,14697.0,22.0,30445.0,17858.0,1.0,0.0
garmin,49990.0,51990.0,3.846893633,4.7,,Approach S62,Circle,Black,Silicon,Yes,8.0,Yes,1.3 inches,75g +,NO,Medium,< 56000,368,38434.0,20701.0,15648.0,14523.0,8.0,14967.0,15087.0,1.0,1.0
garmin,27990.0,,,5.0,3.0,"Venu Sq 2, AMOLED, Mindful Breathing, Upto 11 Days of Battery",Square,Grey,Rubber,Yes,17.5,Yes,1.4 inches,20 - 35 g,NO,Medium,< 56000,373,40878.0,7430.0,11691.0,22741.0,17.0,17336.0,17963.0,1.0,1.0
garmin,46990.0,,,4.5,8.0,"Venu 2 Plus, AMOLED Display, Built in Speaker & MIC, Upto 9 Days Battery, SPO2",Circle,White,Silicon,Yes,3.5,Yes,1.3 inches,75g +,NO,Medium,< 56000,375,38767.0,20753.0,46430.0,14558.0,3.0,15182.0,15175.0,1.0,1.0
garmin,27990.0,39990.0,30.00750188,3.7,10.0,"Venu, GPS Smartwatch with Music, Body Energy Monitoring, Animated Workouts",Circle,Blue,Silicon,Yes,3.5,Yes,1.2 inches,20 - 35 g,NO,Medium,< 56000,383,40878.0,21081.0,15029.0,14779.0,3.0,31145.0,17963.0,1.0,1.0
huawei,18990.0,29990.0,36.67889296,4.3,189.0,GT 2 Pro,Circle,Black,Fluoroelastomer,Yes,8.0,Yes,1.4 inches,75g +,NO,Medium,< 56000,385,11790.0,21236.0,16268.0,21684.0,8.0,17682.0,15998.0,1.0,1.0
apple,29650.0,29900.0,0.836120401,4.5,154.0,Watch SE GPS (2nd Gen),Rectangle,Midnight,Silicon,Yes,22.0,Yes,1.6 inches,<= 20 g,NO,Medium,< 56000,388,45491.0,23966.0,4199.0,14759.0,22.0,31772.0,23497.0,1.0,1.0
apple,37900.0,,,4.4,65.0,Watch SE GPS + Cellular (2nd Gen),Rectangle,Starlight Sport,Silicon,Yes,22.0,Yes,1.7 inches,<= 20 g,NO,Medium,< 56000,389,45132.0,23791.0,52400.0,14663.0,22.0,15767.0,23274.0,1.0,1.0
apple,33900.0,,,4.6,3440.0,Watch SE GPS + Cellular,Rectangle,Pink,Silicon,Yes,22.0,Yes,1.6 inches,<= 20 g,NO,Medium,< 56000,391,45306.0,23876.0,10459.0,14710.0,22.0,31560.0,23382.0,1.0,1.0
apple,55900.0,,,4.5,132.0,Watch Series 8 GPS + Cellular,Rectangle,Starlight Sport,Silicon,Yes,22.0,Yes,1.6 inches,<= 20 g,NO,Medium,< 56000,392,44349.0,23408.0,43400.0,14454.0,22.0,30460.0,22787.0,1.0,1.0
apple,44730.0,44900.0,0.37861915399999996,4.6,2847.0,"Watch Series7 (GPS, 45mm) - Green Aluminium Case with Clover Sport Band",Rectangle,Green,Aluminium,Yes,22.0,Yes,1.8 inches,20 - 35 g,NO,Medium,< 56000,393,44835.0,23645.0,32666.0,46096.0,22.0,19151.0,17713.0,1.0,1.0
apple,41900.0,,,4.6,2847.0,"Watch Series7 (GPS, 41mm) - Green Aluminium Case with Clover Sport Band",Rectangle,Green,Aluminium,Yes,22.0,Yes,1.6 inches,<= 20 g,NO,Medium,< 56000,394,44958.0,23706.0,33609.0,46410.0,22.0,31160.0,23166.0,1.0,1.0
apple,29900.0,,,4.6,5502.0,"Watch SE (GPS, 40mm) - Gold Aluminium Case with Starlight Sport Band - Regular",Rectangle,Gold,Silicon,Yes,22.0,Yes,1.6 inches,<= 20 g,NO,Medium,< 56000,395,45480.0,23961.0,53400.0,14756.0,22.0,31760.0,23490.0,1.0,1.0
apple,49666.0,50900.0,2.424361493,4.5,1519.0,"Watch Series7 (GPS + Cellular, 41mm)Blue Aluminium Case-Abyss Blue Sport Band",Rectangle,Blue,Aluminium,Yes,22.0,Yes,1.6 inches,<= 20 g,NO,Medium,< 56000,396,44620.0,23540.0,13825.0,45547.0,22.0,30771.0,22956.0,1.0,1.0
apple,53900.0,,,4.5,1519.0,"Watch Series7 (GPS + Cellular, 45mm)Blue Aluminium Case-Abyss Blue Sport Band",Rectangle,Blue,Aluminium,Yes,22.0,Yes,1.8 inches,20 - 35 g,NO,Medium,< 56000,397,44436.0,23450.0,13590.0,45077.0,22.0,18734.0,17576.0,1.0,1.0
apple,49900.0,,,4.5,1349.0,Watch Series 6 GPS + Cellular,Rectangle,Black,Silicon,Yes,22.0,Yes,1.6 inches,20 - 35 g,NO,Medium,< 56000,398,44610.0,23535.0,15650.0,14524.0,22.0,30760.0,17636.0,1.0,1.0
apple,48900.0,,,4.3,158.0,Watch Series 8 GPS,Rectangle,Starlight Sport,Silicon,Yes,22.0,Yes,1.8 inches,20 - 35 g,NO,Medium,< 56000,399,44654.0,23557.0,46900.0,14535.0,22.0,18961.0,17651.0,1.0,1.0
apple,29900.0,,,4.6,5502.0,"Watch SE(GPS, 40mm) - Silver Aluminium Case with Abyss Blue Sport Band - Regular",Rectangle,Silver,Silicon,Yes,22.0,Yes,1.6 inches,<= 20 g,NO,Medium,< 56000,400,45480.0,23961.0,14596.0,14756.0,22.0,31760.0,23490.0,1.0,1.0
apple,29900.0,,,4.6,5502.0,Apple Watch SE,Rectangle,White,Silicon,Yes,22.0,Yes,1.6 inches,<= 20 g,NO,Medium,< 56000,401,45480.0,23961.0,52126.0,14756.0,22.0,31760.0,23490.0,1.0,1.0
apple,32899.0,32900.0,0.003039514,4.6,5502.0,"Watch SE (GPS, 44mm) - Space Grey Aluminium Case with Midnight Sport Band",Rectangle,Grey,Silicon,Yes,22.0,Yes,1.7 inches,20 - 35 g,NO,Medium,< 56000,402,45349.0,23897.0,11340.0,14722.0,22.0,16267.0,17889.0,1.0,1.0
apple,41900.0,,,4.6,2847.0,"Watch Series7 (GPS, 41mm) - Midnight Aluminium Case with Midnight Sport Band",Rectangle,Black,Aluminium,Yes,22.0,Yes,1.6 inches,<= 20 g,NO,Medium,< 56000,404,44958.0,23706.0,15810.0,46410.0,22.0,31160.0,23166.0,1.0,1.0
apple,53900.0,,,4.5,1519.0,Watch Series7 (GPS+Cellular-45mm)Green Aluminium Case-Clover Sport Band,Rectangle,Green,Aluminium,Yes,22.0,Yes,1.8 inches,20 - 35 g,NO,Medium,< 56000,405,44436.0,23450.0,29609.0,45077.0,22.0,18734.0,17576.0,1.0,1.0
apple,44900.0,,,4.6,2847.0,Watch Series7 (GPS-45mm) (PRODUCT)RED Aluminium Case-(PRODUCT)RED Sport Band,Rectangle,Red,Aluminium,Yes,22.0,Yes,1.8 inches,20 - 35 g,NO,Medium,< 56000,406,44828.0,23642.0,20459.0,46077.0,22.0,19143.0,17710.0,1.0,1.0
apple,44900.0,,,4.6,2847.0,"Watch Series7 (GPS, 45mm) - Blue Aluminium Case with Abyss Blue Sport Band",Rectangle,Blue,Aluminium,Yes,22.0,Yes,1.8 inches,20 - 35 g,NO,Medium,< 56000,407,44828.0,23642.0,14090.0,46077.0,22.0,19143.0,17710.0,1.0,1.0
apple,41900.0,,,4.6,2847.0,"Watch Series7 (GPS, 41mm) - Blue Aluminium Case with Abyss Blue Sport Band",Rectangle,Blue,Aluminium,Yes,22.0,Yes,1.6 inches,<= 20 g,NO,Medium,< 56000,408,44958.0,23706.0,14256.0,46410.0,22.0,31160.0,23166.0,1.0,1.0
apple,40900.0,,,4.5,1720.0,Watch Series 6 GPS,Rectangle,Black,Silicon,Yes,22.0,Yes,1.6 inches,20 - 35 g,NO,Medium,< 56000,409,45001.0,23727.0,15830.0,14628.0,22.0,31210.0,17770.0,1.0,1.0
apple,41900.0,,,4.6,2847.0,"Watch Series7 (GPS, 41mm) - Starlight Aluminium Case with Starlight Sport Band",Rectangle,White,Aluminium,Yes,22.0,Yes,1.6 inches,<= 20 g,NO,Medium,< 56000,410,44958.0,23706.0,48126.0,46410.0,22.0,31160.0,23166.0,1.0,1.0
apple,32900.0,,,4.6,5502.0,"Watch SE (GPS, 44mm) - Gold Aluminium Case with Starlight Sport Band - Regular",Rectangle,Gold,Silicon,Yes,22.0,Yes,1.7 inches,20 - 35 g,NO,Medium,< 56000,411,45349.0,23897.0,51900.0,14721.0,22.0,16267.0,17889.0,1.0,1.0
fitbit,20499.0,,,4.7,114.0,Versa 4,Square,Beet Juice,Silicon,Yes,17.5,Yes,1.5 inches,20 - 35 g,NO,Medium,< 56000,413,17040.0,7664.0,19103.0,14866.0,17.0,24999.0,18075.0,1.0,1.0
fitbit,20999.0,22999.0,8.696030262,4.2,547.0,Sense,Curved,Black,Rubber,Yes,17.5,Yes,1.6 inches,<= 20 g,NO,Medium,< 56000,414,16969.0,19103.0,16228.0,23324.0,17.0,32205.0,23731.0,1.0,1.0
fitbit,20590.0,21499.0,4.228103633,4.1,4475.0,Versa,Square,Black,Silicon,Yes,3.5,Yes,1.3 inches,20 - 35 g,NO,Medium,< 56000,418,17027.0,7661.0,16236.0,14865.0,3.0,17067.0,18073.0,1.0,1.0
fitbit,24999.0,,,4.7,,Sense 2,Square,White Platinum,Silicon,Yes,17.5,Yes,1.5 inches,20 - 35 g,NO,Medium,< 56000,419,16397.0,7523.0,19103.0,14813.0,17.0,20499.0,18007.0,1.0,1.0
amazfit,18999.0,25999.0,26.92411247,4.2,115.0,GTR 3 Pro,Circle,Brown,Silicon,Yes,8.0,Yes,1.4 inches,20 - 35 g,NO,Medium,< 56000,422,8799.0,21236.0,18659.0,14883.0,8.0,17682.0,18097.0,1.0,1.0
garmin,67490.0,,,4.7,,"Forerunner 955 Solar charging upto 20 days, HRV & Stamina Status, Triathlon",Circle,White,Silicon,No,8.0,Yes,1.3 inches,75g +,NO,High,< 140000,433,36490.0,20400.0,39596.0,14319.0,8.0,13717.0,14572.0,1.0,0.0
garmin,64990.0,82990.0,21.68936016,4.7,,"Fenix 6S Sapphire, Premium GPS Watch, Music, Pace Guidance and Pulse Ox Sensors",Circle,Black,Silicon,Yes,22.0,Yes,1.2 inches,75g +,NO,High,< 140000,436,36767.0,20443.0,15348.0,14348.0,22.0,27445.0,14645.0,1.0,1.0
apple,89900.0,,,4.7,51.0,Watch Ultra GPS + Cellular,Rectangle,Orange Alpine,Fabric,Yes,3.5,Yes,1.9 inches,75g +,YES,High,< 140000,439,42871.0,22684.0,1999.0,8999.0,3.0,2654.0,13913.0,1.0,1.0
apple,73900.0,,,4.5,1519.0,"Watch Series7(GPS+Cellular, 41mm)-Gold Stainless Steel Case-Gold Milanese Loop",Rectangle,Gold,Stainless Steel,Yes,22.0,Yes,1.6 inches,<= 20 g,NO,High,< 140000,440,43567.0,23025.0,31400.0,3499.0,22.0,29560.0,22301.0,1.0,1.0
noise,1599.0,4999.0,68.01360272,4.1,13901.0,Wrb-sw-colorfitpulsegobuzz-std-blk_blk,,,Other,Yes,8.0,Yes,1.7 inches,35 - 50 g,NO,Low,< 18000,1,,,,,,,,,
noise,1499.0,3999.0,62.51562891,4.0,32704.0,NSW-05,,,Other,Yes,8.0,Yes,1.7 inches,35 - 50 g,NO,Low,< 18000,2,,,,,,,,,
noise,1999.0,4999.0,60.0120024,4.1,1018.0,,,,,,,Yes,1.4 inches,35 - 50 g,NO,Low,< 18000,3,,,,,,,,,
noise,1799.0,3999.0,55.01375344,4.0,32704.0,wrb-sw-colorfitgrand-std-rpnk_rpnk,,,Other,Yes,8.0,Yes,1.7 inches,35 - 50 g,NO,Low,< 18000,4,,,,,,,,,
noise,1999.0,6499.0,69.24142176,4.1,39479.0,Wrb-sw-colorfitultrase-std-gld_brn,,,Other,Yes,8.0,Yes,1.8 inches,35 - 50 g,NO,Low,< 18000,5,,,,,,,,,
noise,1999.0,5999.0,66.67777963,4.1,39479.0,Wrb-sw-colorfitultra-std-gry_blk,,,Other,Yes,8.0,Yes,1.8 inches,35 - 50 g,NO,Low,< 18000,6,,,,,,,,,
noise,1999.0,5999.0,66.67777963,4.1,8765.0,Wrb-sw-colorfitpulse2max-std-blk_blk,,,Other,Yes,8.0,Yes,1.9 inches,35 - 50 g,NO,Low,< 18000,7,,,,,,,,,
noise,1799.0,3999.0,55.01375344,4.0,32704.0,wrb-sw-colorfitgrand-std-grn_grn,,,Other,Yes,8.0,Yes,1.7 inches,35 - 50 g,NO,Low,< 18000,8,,,,,,,,,
noise,3799.0,7999.0,52.50656332,3.8,545.0,Wrb-sw-colorfitpro4alpha-std-blk_blk,,,,,8.0,Yes,,35 - 50 g,NO,Low,< 18000,9,,,,,,,,,
noise,3499.0,5999.0,41.67361227,3.8,281.0,Wrb-sw-force-std-blk_blk,,,,,8.0,Yes,,35 - 50 g,NO,Low,< 18000,10,,,,,,,,,
noise,1999.0,5999.0,66.67777963,4.1,9081.0,wrb-sw-colorfitultrabuzz-std-ogrn_ogrn,,,Other,Yes,,Yes,1.8 inches,35 - 50 g,NO,Low,< 18000,11,,,,,,,,,
noise,1499.0,4999.0,70.0140028,4.0,93075.0,wrb-sw-colorfitpro2-std-blk,,,Polycarbonate,Yes,3.6,Yes,1.3 inches,20 - 35 g,NO,Low,< 18000,12,,,,,,,,,
noise,1799.0,4999.0,64.01280256,4.1,13901.0,Wrb-sw-colorfitpulsegobuzz-std-gry_gry,,,Other,Yes,8.0,Yes,1.7 inches,35 - 50 g,NO,Low,< 18000,13,,,,,,,,,
noise,1999.0,5999.0,66.67777963,4.1,8765.0,Wrb-sw-colorfitpulse2max-std-blu_blu,,,Other,Yes,8.0,Yes,1.9 inches,35 - 50 g,NO,Low,< 18000,14,,,,,,,,,
noise,1999.0,5999.0,66.67777963,4.1,9081.0,wrb-sw-colorfitultrabuzz-std-blk_blk,,,Other,Yes,,Yes,1.8 inches,35 - 50 g,NO,Low,< 18000,15,,,,,,,,,
noise,2499.0,5999.0,58.34305718,3.5,227.0,,,,,,,Yes,1.3 inches,35 - 50 g,NO,Low,< 18000,16,,,,,,,,,
noise,1799.0,3999.0,55.01375344,4.0,32704.0,wrb-sw-colorfitgrand-std-blu_blu,,,Other,Yes,8.0,Yes,1.7 inches,35 - 50 g,NO,Low,< 18000,17,,,,,,,,,
noise,2999.0,5999.0,50.00833472,4.1,5866.0,Wrb-sw-colorfitpro4-std-slvr_org,,,Other,Yes,,Yes,1.7 inches,35 - 50 g,NO,Low,< 18000,18,,,,,,,,,
noise,1799.0,4999.0,64.01280256,4.0,69803.0,Wrb-sw-colorfitpulse2-std-blu_blu,,,Other,Yes,,Yes,1.8 inches,35 - 50 g,NO,Low,< 18000,19,,,,,,,,,
noise,1799.0,4999.0,64.01280256,4.1,13901.0,wrb-sw-colorfitpulsegobuzz-std-grn_grn,,,Other,Yes,8.0,Yes,1.7 inches,35 - 50 g,NO,Low,< 18000,20,,,,,,,,,
noise,3799.0,7999.0,52.50656332,3.8,545.0,Wrb-sw-colorfitpro4alpha-std-slvr_gry,,,,,8.0,Yes,,35 - 50 g,NO,Low,< 18000,21,,,,,,,,,
noise,1799.0,4999.0,64.01280256,4.1,13901.0,wrb-sw-colorfitpulsegobuzz-std-rgld_pnk,,,Other,Yes,8.0,Yes,1.7 inches,35 - 50 g,NO,Low,< 18000,22,,,,,,,,,
noise,1799.0,3999.0,55.01375344,4.0,32704.0,wrb-sw-colorfitgrand-std-cgry_cgry,,,Other,Yes,8.0,Yes,1.7 inches,35 - 50 g,NO,Low,< 18000,23,,,,,,,,,
noise,1999.0,5999.0,66.67777963,4.2,80483.0,"ColorFit Icon 2 1.8 Display, Bluetooth Calling, AI Voice Assistance",Rectangle,Black,Silicon,Yes,22.0,Yes,1.8 inches,,NO,Low,< 18000,24,,,,,,,,,
noise,1299.0,3999.0,67.51687922,4.2,27445.0,"ColorFit Caliber Go with 1.69 inch HD Display, 40 Sports Modes, 150+ Watch Faces",Square,Black,Silicon,Yes,22.0,Yes,1.7 inches,,NO,Low,< 18000,25,,,,,,,,,
noise,1799.0,4999.0,64.01280256,4.2,219512.0,"Icon Buzz BT Calling with 1.69"" display , AI Voice Assistance, Built-In Games",Rectangle,Black,Silicon,Yes,22.0,Yes,1.7 inches,,NO,Low,< 18000,26,,,,,,,,,
noise,1499.0,4999.0,70.0140028,3.4,504.0,"ColorFit Caliber 2 with 1.83'' display Up to 12 Day Battery, 60 sports mode",Rectangle,Green,Silicon,Yes,8.0,Yes,1.8 inches,,NO,Low,< 18000,27,,,,,,,,,
noise,1599.0,4999.0,68.01360272,4.3,4398.0,"Caliber Buzz Advanced BT Calling(True Sync), 1.69"" display, 500 NITS Brightness",Rectangle,Green,Silicon,Yes,22.0,Yes,1.7 inches,,NO,Low,< 18000,28,,,,,,,,,
noise,1499.0,3999.0,62.51562891,4.2,275607.0,"ColorFit Caliber Smart Watch with 15-day battery, 1.69"" display, 60 Sports Modes",Square,White,Silicon,Yes,8.0,Yes,1.7 inches,,NO,Low,< 18000,29,,,,,,,,,
noise,3999.0,6999.0,42.86326618,4.4,12469.0,"Evolve 3, 1.43"" AMOLED AOD, 466*466px, 500 nits, BT calling,Tru Sync Technology",Circle,Black,Silicon,Yes,22.0,Yes,1.4 inches,,NO,Low,< 18000,30,,,,,,,,,
noise,2999.0,7999.0,62.50781348,4.3,11755.0,ColorFit Vision 2 Buzz,Square,Black,Silicon,Yes,22.0,Yes,1.8 inches,,NO,Low,< 18000,31,,,,,,,,,
noise,2999.0,5999.0,50.00833472,4.3,13108.0,"ColorFit Pro4 BT Calling 1.72"" TruView Display, Fully-functional digital crown",Rectangle,Black,Silicon,Yes,22.0,Yes,1.7 inches,,NO,Low,< 18000,32,,,,,,,,,
noise,2499.0,6999.0,64.29489927,4.3,3944.0,"ColorFit Loop Advanced BT Calling with 1.85"" display,130+Sports Modes",Square,Grey,Silicon,Yes,22.0,Yes,1.9 inches,,NO,Low,< 18000,33,,,,,,,,,
noise,1299.0,4999.0,74.01480296,4.1,142612.0,"Qube with 1.4"" Full Touch display, Multi-Sports modes, 7-day Battery,Spo2",Square,Black,Thermo Plastic Polyurethene,Yes,22.0,Yes,1.4 inches,,NO,Low,< 18000,34,,,,,,,,,
noise,2999.0,8999.0,66.6740749,4.1,22942.0,"Fit Buzz with 1.32inch HD Round Screen, Bluetooth calling and SPO2",Circle,Black,Silicon,Yes,22.0,Yes,1.3 inches,,NO,Low,< 18000,35,,,,,,,,,
noise,3799.0,5999.0,36.672778799999996,4.2,6004.0,"ColorFit Pro4 Max 1.8"" BT Calling, Noise detection, Noise Health Suite",Rectangle,Black,Silicon,Yes,22.0,Yes,1.8 inches,,NO,Low,< 18000,36,,,,,,,,,
noise,1799.0,5999.0,70.01166861,4.2,32505.0,ColorFit Brio,Rectangle,Black,Thermo Plastic Polyurethene,Yes,22.0,Yes,1.5 inches,,NO,Low,< 18000,38,,,,,,,,,
noise,1499.0,3999.0,62.51562891,4.0,6638.0,"Core 2 1.28"" Display , Noisefit sync app, 100+ watch faces & 50+ Sports Modes",Circle,Black,Silicon,Yes,22.0,Yes,1.3 inches,,NO,Low,< 18000,40,,,,,,,,,
noise,1799.0,5999.0,70.01166861,4.1,3506.0,"ColorFit Caliber 2 Buzz Advanced BT Calling, 1.85"" display,10 days battery",Square,Black,Silicon,Yes,22.0,Yes,1.8 inches,,NO,Low,< 18000,41,,,,,,,,,
noise,1799.0,3999.0,55.01375344,4.2,5970.0,X-Fit 2 (HRX Edition) Smart Watch with 1.69inch Display & 60 Sports Modes,Rectangle,Grey,Silicon,Yes,22.0,Yes,1.7 inches,,NO,Low,< 18000,42,,,,,,,,,
fire-boltt,3799.0,16999.0,77.65162657,4.3,20788.0,BSW046,,,Silicon,Yes,3.5,Yes,1.8 inches,50 - 75 g,NO,Low,< 18000,43,,,,,,,,,
fire-boltt,1799.0,19999.0,91.00455023,4.3,13244.0,BSW053,,,Silicon,Yes,3.5,Yes,1.8 inches,75g +,YES,Low,< 18000,44,,,,,,,,,
fire-boltt,1299.0,9999.0,87.00870087,4.2,25784.0,BSW030,,,Silicon,Yes,8.0,Yes,1.7 inches,35 - 50 g,NO,Low,< 18000,45,,,,,,,,,
fire-boltt,1799.0,9999.0,82.00820082,4.2,33415.0,BSW042,,,Silicon,Yes,8.0,Yes,1.3 inches,50 - 75 g,NO,Low,< 18000,46,,,,,,,,,
fire-boltt,1799.0,2199.0,18.1900864,4.3,39274.0,BSW049,,,Silicon,Yes,3.5,Yes,1.3 inches,35 - 50 g,NO,Low,< 18000,47,,,,,,,,,
fire-boltt,1999.0,7999.0,75.00937617,4.1,33012.0,BSW024,,,Silicon,Yes,8.0,Yes,1.7 inches,35 - 50 g,NO,Low,< 18000,48,,,,,,,,,
fire-boltt,2499.0,9999.0,75.00750075,4.1,2571.0,BSW072,,,,Yes,8.0,Yes,2.0 inches,75g +,NO,Low,< 18000,49,,,,,,,,,
fire-boltt,1299.0,7999.0,83.76047006,4.2,25784.0,BSW030,,,Silicon,Yes,8.0,Yes,1.7 inches,35 - 50 g,NO,Low,< 18000,50,,,,,,,,,
fire-boltt,2499.0,11999.0,79.17326444,4.1,1990.0,BSW070,,,,Yes,8.0,Yes,1.9 inches,75g +,NO,Low,< 18000,51,,,,,,,,,
fire-boltt,1799.0,9999.0,82.00820082,4.2,33415.0,BSW042,,,Silicon,Yes,8.0,Yes,1.3 inches,50 - 75 g,NO,Low,< 18000,52,,,,,,,,,
fire-boltt,2499.0,9999.0,75.00750075,4.2,23302.0,BSW043,,,Silicon,Yes,3.5,Yes,1.8 inches,50 - 75 g,NO,Low,< 18000,53,,,,,,,,,
fire-boltt,2499.0,9999.0,75.00750075,4.2,23302.0,BSW043,,,Silicon,Yes,3.5,Yes,1.8 inches,50 - 75 g,NO,Low,< 18000,54,,,,,,,,,
fire-boltt,1794.0,7999.0,77.57219652,4.1,33012.0,BSW024,,,Silicon,Yes,8.0,Yes,1.7 inches,35 - 50 g,NO,Low,< 18000,55,,,,,,,,,
fire-boltt,3499.0,11999.0,70.83923659999999,4.1,44170.0,BSW005,,,Silicon,Yes,3.5,Yes,1.9 inches,75g +,NO,Low,< 18000,56,,,,,,,,,
fire-boltt,2499.0,18999.0,86.84667614,4.2,11.0,BSW073,,,,Yes,3.5,Yes,1.9 inches,75g +,NO,Low,< 18000,57,,,,,,,,,
fire-boltt,2499.0,11999.0,79.17326444,4.1,1990.0,BSW070,,,,Yes,8.0,Yes,1.9 inches,75g +,NO,Low,< 18000,58,,,,,,,,,
fire-boltt,1399.0,11999.0,88.34069506,4.1,1519.0,BSW037,,,Silicon,Yes,8.0,Yes,1.8 inches,75g +,NO,Low,< 18000,59,,,,,,,,,
fire-boltt,1899.0,8999.0,78.8976553,4.0,15543.0,BSW003,,,Silicon,Yes,8.0,Yes,1.3 inches,50 - 75 g,NO,Low,< 18000,60,,,,,,,,,
fire-boltt,1999.0,7999.0,75.00937617,4.1,33012.0,BSW024,,,Silicon,Yes,8.0,Yes,1.7 inches,35 - 50 g,NO,Low,< 18000,61,,,,,,,,,
fire-boltt,1799.0,11999.0,85.00708392,4.3,39274.0,BSW100,,,,Yes,3.5,Yes,1.4 inches,75g +,NO,Low,< 18000,62,,,,,,,,,
fire-boltt,2499.0,5999.0,58.34305718,2.5,,NINJA 2 MAX,Square,Black,Silicon,Yes,22.0,Yes,1.5 inches,,NO,Low,< 18000,63,,,,,,,,,
fire-boltt,2399.0,11999.0,80.00666722,2.5,6022.0,DAZZLE PLUS,Square,Black,Silicon,Yes,22.0,Yes,1.8 inches,,NO,Low,< 18000,64,,,,,,,,,
fire-boltt,3927.0,9999.0,60.72607261,2.5,,RING 3,Square,Black,Silicon,Yes,22.0,Yes,1.8 inches,,NO,Low,< 18000,65,,,,,,,,,
fire-boltt,3927.0,9999.0,60.72607261,2.5,,RING 3,Square,Gold,Silicon,Yes,22.0,Yes,1.8 inches,,NO,Low,< 18000,66,,,,,,,,,
fire-boltt,2299.0,5999.0,61.67694616,2.5,24.0,NINJA PRO MAX,Square,Blue,Silicon,Yes,22.0,Yes,1.6 inches,,NO,Low,< 18000,67,,,,,,,,,
fire-boltt,2299.0,5999.0,61.67694616,2.5,201.0,NINJA PRO MAX,Square,Black,Silicon,Yes,22.0,Yes,1.6 inches,,NO,Low,< 18000,68,,,,,,,,,
fire-boltt,6499.0,12999.0,50.00384645,2.5,,BSW019,Circle,Black,Silicon,Yes,22.0,Yes,1.3 inches,,NO,Low,< 18000,69,,,,,,,,,
fire-boltt,4599.0,17999.0,74.44858048,2.5,11.0,HULK BLUETOOTH CALLING,Square,Black,Silicon,Yes,22.0,Yes,1.8 inches,,NO,Low,< 18000,70,,,,,,,,,
fire-boltt,3299.0,9999.0,67.00670067,2.5,5.0,RING 2,Square,Grey,Silicon,Yes,22.0,Yes,1.7 inches,,NO,Low,< 18000,71,,,,,,,,,
fire-boltt,2699.0,4999.0,46.00920184,2.5,33.0,NINJA PRO,Square,Black,Silicon,Yes,22.0,Yes,1.3 inches,,NO,Low,< 18000,72,,,,,,,,,
fire-boltt,2799.0,7999.0,65.00812602,4.2,5.0,ninja calling,Square,Black,Rubber,Yes,22.0,Yes,0.1 inches,,NO,Low,< 18000,73,,,,,,,,,
fire-boltt,3499.0,9999.0,65.00650065,4.8,4.0,beast pro,Square,Silver,Rubber,Yes,8.0,Yes,0.1 inches,,NO,Low,< 18000,75,,,,,,,,,
fire-boltt,3999.0,9999.0,60.00600060000001,3.1,8.0,ring,Rectangle,Black,Silicon,Yes,22.0,Yes,0.1 inches,,NO,Low,< 18000,76,,,,,,,,,
fire-boltt,3999.0,9999.0,60.00600060000001,3.7,,bsw360,Circle,Blue,Rubber,Yes,22.0,Yes,0.1 inches,,NO,Low,< 18000,77,,,,,,,,,
fire-boltt,3599.0,5999.0,40.00666778,5.0,3.0,bsw001,Rectangle,Black,Silicon,Yes,22.0,Yes,1.4 inches,,NO,Low,< 18000,78,,,,,,,,,
fire-boltt,3799.0,9999.0,62.00620062,3.7,,beast pro,Square,Black,Rubber,Yes,3.5,Yes,0.1 inches,,NO,Low,< 18000,79,,,,,,,,,
fire-boltt,3499.0,9999.0,65.00650065,3.7,,beast pro,Rectangle,Pink,Rubber,Yes,8.0,Yes,0.1 inches,,NO,Low,< 18000,80,,,,,,,,,
fire-boltt,3499.0,9999.0,65.00650065,3.7,,beast pro,Square,Blue,Rubber,Yes,8.0,Yes,0.1 inches,,NO,Low,< 18000,81,,,,,,,,,
fire-boltt,5599.0,9999.0,44.00440044,2.5,,bsw005,Square,White,Silicon,Yes,22.0,Yes,1.7 inches,,NO,Low,< 18000,82,,,,,,,,,
fire-boltt,3999.0,9999.0,60.00600060000001,3.7,3.0,bsw016,Square,Pink,Silicon,Yes,22.0,Yes,1.7 inches,,NO,Low,< 18000,83,,,,,,,,,
fire-boltt,3699.0,11999.0,69.17243104,2.5,,starcross,Square,Black,Silicon,Yes,8.0,Yes,1.8 inches,,NO,Low,< 18000,84,,,,,,,,,
fire-boltt,3899.0,11999.0,67.50562547,2.5,,starcross,Square,Green,Silicon,Yes,22.0,Yes,1.8 inches,,NO,Low,< 18000,85,,,,,,,,,
fire-boltt,2298.0,5999.0,61.693615599999994,3.6,5.0,ninja 2 max,Square,Black,Rubber,Yes,22.0,Yes,0.1 inches,,NO,Low,< 18000,86,,,,,,,,,
fire-boltt,3299.0,11999.0,72.50604217,2.5,,wonder,Square,Black,Silicon,Yes,3.5,Yes,1.8 inches,,NO,Low,< 18000,87,,,,,,,,,
fire-boltt,1999.0,5999.0,66.67777963,3.7,,"SpO2 Full Touch 1.4 inch Smart Watch with Blood Oxygen, Fitness (Black)",Square,Black,Rubber,Yes,22.0,Yes,0.1 inches,,NO,Low,< 18000,88,,,,,,,,,
fire-boltt,3599.0,9999.0,64.00640064,3.7,,ring,Square,Blue,Rubber,Yes,22.0,Yes,0.1 inches,,NO,Low,< 18000,89,,,,,,,,,
fire-boltt,3599.0,9999.0,64.00640064,3.7,,ring,Square,Red,Rubber,Yes,22.0,Yes,0.1 inches,,NO,Low,< 18000,90,,,,,,,,,
fire-boltt,5998.0,9999.0,40.0140014,2.5,,tamish,Rectangle,Blue,Silicon,Yes,22.0,Yes,1.3 inches,,NO,Low,< 18000,91,,,,,,,,,
fire-boltt,5599.0,9999.0,44.00440044,2.5,,bsw017,Square,Blue,Silicon,Yes,22.0,Yes,1.3 inches,,NO,Low,< 18000,92,,,,,,,,,
fire-boltt,2899.0,4999.0,42.00840168,2.5,,bsw011,Square,Grey,Silicon,Yes,22.0,Yes,1.3 inches,,NO,Low,< 18000,93,,,,,,,,,
fire-boltt,3999.0,9999.0,60.00600060000001,3.7,6.0,ring,Square,White,Rubber,Yes,22.0,Yes,1.7 inches,,NO,Low,< 18000,94,,,,,,,,,
fire-boltt,4599.0,7999.0,42.50531316,2.5,,bsw002,Square,Black,Silicon,Yes,22.0,Yes,1.7 inches,,NO,Low,< 18000,95,,,,,,,,,
fire-boltt,6999.0,15999.0,56.25351584,2.6,,bsw020,Circle,Brown,Silicon,Yes,8.0,Yes,1.4 inches,,NO,Low,< 18000,96,,,,,,,,,
fire-boltt,5999.0,8999.0,33.33703745,2.5,,bsw003,Circle,Grey,Silicon,Yes,22.0,Yes,1.3 inches,,NO,Low,< 18000,97,,,,,,,,,
fire-boltt,3700.0,9999.0,62.99629963,,,beast pro,Square,Black,Silicon,Yes,8.0,Yes,0.1 inches,,NO,Low,< 18000,98,,,,,,,,,
fire-boltt,5999.0,8999.0,33.33703745,2.5,,bsw003,Circle,Gold,Silicon,Yes,22.0,Yes,1.3 inches,,NO,Low,< 18000,99,,,,,,,,,
fire-boltt,3200.0,7999.0,59.99499937,,,call 2,Square,Blue,Silicon,Yes,22.0,Yes,0.1 inches,,NO,Low,< 18000,100,,,,,,,,,
fire-boltt,3000.0,7999.0,62.49531191,,,call 2,Square,Black,Silicon,Yes,22.0,Yes,0.1 inches,,NO,Low,< 18000,101,,,,,,,,,
boat,1999.0,7990.0,74.98122653,3.8,21724.0,Wave Call,,,Silicon,Yes,8.0,Yes,1.7 inches,35 - 50 g,NO,Low,< 18000,102,,,,,,,,,
boat,2699.0,7990.0,66.22027534,4.2,71481.0,,,,Silicon,Yes,8.0,Yes,1.7 inches,50 - 75 g,NO,Low,< 18000,103,,,,,,,,,
boat,2499.0,7990.0,68.72340426,4.2,71481.0,8.90E+12,,,Silicon,Yes,8.0,Yes,,50 - 75 g,NO,Low,< 18000,104,,,,,,,,,
boat,1999.0,7990.0,74.98122653,3.8,21724.0,Wave Call,,,Silicon,Yes,8.0,Yes,1.7 inches,35 - 50 g,NO,Low,< 18000,105,,,,,,,,,
boat,1199.0,6990.0,82.84692418,4.0,27771.0,Watch Flash,,,Silicon,Yes,8.0,Yes,1.3 inches,50 - 75 g,NO,Low,< 18000,106,,,,,,,,,
boat,1799.0,6990.0,74.26323319,3.9,2931.0,Watch Blaze,,,Metal,Yes,8.0,Yes,1.8 inches,35 - 50 g,NO,Low,< 18000,107,,,,,,,,,
boat,1999.0,7990.0,74.98122653,3.8,21724.0,Wave Call,,,Silicon,Yes,8.0,Yes,1.7 inches,35 - 50 g,NO,Low,< 18000,108,,,,,,,,,
boat,2599.0,7990.0,67.4718398,4.2,71481.0,8.90E+12,,,Silicon,Yes,8.0,Yes,,75g +,NO,Low,< 18000,109,,,,,,,,,
boat,1999.0,7990.0,74.98122653,3.6,827.0,,,,,,8.0,Yes,,35 - 50 g,NO,Low,< 18000,110,,,,,,,,,
boat,1999.0,7990.0,74.98122653,3.6,827.0,,,,,,8.0,Yes,,75g +,NO,Low,< 18000,111,,,,,,,,,
boat,1199.0,6990.0,82.84692418,4.0,27771.0,Watch Flash,,,Silicon,Yes,8.0,Yes,1.3 inches,50 - 75 g,NO,Low,< 18000,112,,,,,,,,,
boat,1699.0,6990.0,75.69384835,3.9,23498.0,Wave Lite,,,Stainless Steel,Yes,8.0,Yes,1.7 inches,35 - 50 g,NO,Low,< 18000,113,,,,,,,,,
boat,1199.0,6990.0,82.84692418,4.0,27771.0,Watch Flash,,,Silicon,Yes,8.0,Yes,1.3 inches,50 - 75 g,NO,Low,< 18000,114,,,,,,,,,
boat,1449.0,5990.0,75.8096828,3.9,3944.0,,,,,,,Yes,1.7 inches,35 - 50 g,NO,Low,< 18000,115,,,,,,,,,
boat,1899.0,6499.0,70.78012002,3.7,328.0,,,,,Yes,8.0,Yes,1.7 inches,35 - 50 g,NO,Low,< 18000,116,,,,,,,,,
boat,2199.0,7999.0,72.50906363,,,BoAt Wave Call Plus,,,,Yes,,Yes,1.8 inches,75g +,NO,Low,< 18000,117,,,,,,,,,
boat,1799.0,7990.0,77.48435544,4.1,125524.0,Storm call 1.69 inch HD display with bluetooth calling and 550 nits brightness,Rectangle,Blue,Silicon,Yes,22.0,Yes,1.7 inches,,NO,Low,< 18000,118,,,,,,,,,
boat,1699.0,5990.0,71.6360601,4.0,98388.0,"Wave Neo with 1.69 inch , 2.5D Curved Display & Multiple Sports Modes",Rectangle,Black,Silicon,Yes,22.0,Yes,1.7 inches,,NO,Low,< 18000,119,,,,,,,,,
boat,2499.0,8990.0,72.20244716,4.2,2893.0,"Wave Infinity with 1.85"" HD Screen, Functional Crown and Bluetooth Calling",Rectangle,Black,Silicon,Yes,22.0,Yes,1.9 inches,,NO,Low,< 18000,120,,,,,,,,,
boat,3299.0,9799.0,66.33329932,4.1,13261.0,"Storm Pro Call with Bluetooth Calling, 1.78'' AMOLED Display and ASAP Charge",Rectangle,Red,Silicon,Yes,22.0,Yes,1.8 inches,,NO,Low,< 18000,121,,,,,,,,,
boat,1499.0,5990.0,74.97495826,4.1,45492.0,Wave beat 1.69Inch HD display with complete health monitoring,Rectangle,Red,Silicon,Yes,22.0,Yes,1.6 inches,,NO,Low,< 18000,122,,,,,,,,,
boat,2499.0,5990.0,58.28046745,4.2,39734.0,"Wave Connect with Bluetooth Calling, Voice Assistant and 1.69"" HD Display",Rectangle,Grey,Silicon,Yes,22.0,Yes,1.7 inches,,NO,Low,< 18000,123,,,,,,,,,
boat,1299.0,6990.0,81.41630901,3.9,17456.0,Wave pro 1.69inch HD display withTemperature Sensor and live cricket updates,Rectangle,Purple,Silicon,Yes,22.0,Yes,1.7 inches,,NO,Low,< 18000,124,,,,,,,,,
boat,1299.0,5990.0,78.31385643,4.1,619130.0,"Storm 1.3"" CurvedDisplay",Square,Blue,Thermo Plastic Polyurethene,Yes,22.0,Yes,1.3 inches,,NO,Low,< 18000,125,,,,,,,,,
boat,1999.0,8999.0,77.78642071,3.9,6469.0,"Storm Pro with 1.78"" AMOLED Display, 700+ Active Modes",Rectangle,Black,Silicon,Yes,22.0,Yes,1.8 inches,,NO,Low,< 18000,126,,,,,,,,,
boat,2499.0,7990.0,68.72340426,4.0,8179.0,Wave Arcade with 1.81 inch HD Display and Bluetooth Calling,Rectangle,Green,Silicon,Yes,22.0,Yes,1.8 inches,,NO,Low,< 18000,127,,,,,,,,,
boat,3999.0,6990.0,42.78969957,4.2,628.0,"Wave Ultima with 1.8 inch Curve Arc HD Display, Bluetooth Calling with BT v5.3",Rectangle,Red,Silicon,Yes,22.0,Yes,1.8 inches,,NO,Low,< 18000,128,,,,,,,,,
boat,2799.0,5990.0,53.2721202,3.9,2406.0,"Wave Select with 1.69"" HD Display, upto 10 Days Battery, HR & SpO2 Monitoring",Square,Green,Silicon,Yes,22.0,Yes,1.6 inches,,NO,Low,< 18000,129,,,,,,,,,
boat,1999.0,6990.0,71.40200286,3.9,12026.0,"Watch Mercury 1.54"" TFTDisplay",Rectangle,Blue,Silicon,Yes,22.0,Yes,1.5 inches,,NO,Low,< 18000,130,,,,,,,,,
boat,2299.0,6990.0,67.11015737,3.9,16676.0,"Vertex 1.69"" HealthEcosystem",Square,Black,Silicon,Yes,22.0,Yes,1.7 inches,,NO,Low,< 18000,131,,,,,,,,,
boat,2999.0,7990.0,62.46558198,3.8,11340.0,Xplorer,Square,Black,Silicon,Yes,22.0,Yes,1.3 inches,,NO,Low,< 18000,132,,,,,,,,,
honor,11499.0,18999.0,39.47576188,3.9,406.0,MUS-B19,,,,Yes,12.5,Yes,1.4 inches,35 - 50 g,NO,Low,< 18000,133,,,,,,,,,
honor,2199.0,1868.0,-17.71948608,4.1,181.0,ARG-B39-cr,,,,Yes,3.5,Yes,1.5 inches,<= 20 g,NO,Low,< 18000,134,,,,,,,,,
honor,11499.0,9773.0,-17.66090249,4.2,20.0,MUS-B19-cr,,,,Yes,12.5,Yes,1.4 inches,35 - 50 g,NO,Low,< 18000,135,,,,,,,,,
honor,14999.0,12499.0,-20.00160013,3.9,100.0,Talos-B19S-cr,,,Other,,0.75,Yes,1.2 inches,75g +,NO,Low,< 18000,136,,,,,,,,,
honor,8999.0,14999.0,40.00266684,4.4,7792.0,,,,,,,Yes,1.4 inches,35 - 50 g,NO,Low,< 18000,137,,,,,,,,,
honor,8999.0,7473.0,-20.42017931,4.1,323.0,Minos-B19S-cr,,,Other,Yes,0.75,Yes,1.4 inches,75g +,NO,Low,< 18000,138,,,,,,,,,
honor,9047.0,17999.0,49.73609645,4.3,1779.0,Magic SmartWatch,Circle,Brown,Leather,Yes,22.0,Yes,1.2 inches,,NO,Low,< 18000,144,,,,,,,,,
honor,7999.0,17333.0,53.8510356,4.3,1779.0,Watch Magic,Circle,Black,Silicon,Yes,22.0,Yes,1.2 inches,,NO,Low,< 18000,145,,,,,,,,,
crossbeats,2999.0,9999.0,70.00700069999999,4.3,674.0,Grit,,,,Yes,12.5,Yes,1.8 inches,20 - 35 g,NO,Low,< 18000,147,,,,,,,,,
crossbeats,5999.0,14999.0,60.00400027,4.3,996.0,Infinti 2.0,,,,Yes,8.0,Yes,1.4 inches,20 - 35 g,NO,Low,< 18000,148,,,,,,,,,
crossbeats,3999.0,11999.0,66.67222269,3.9,3856.0,S4 Max,,,,Yes,3.6,Yes,1.9 inches,20 - 35 g,NO,Low,< 18000,149,,,,,,,,,
crossbeats,3999.0,7999.0,50.00625078,3.9,3856.0,S4 Max,,,,Yes,3.6,Yes,1.9 inches,20 - 35 g,NO,Low,< 18000,150,,,,,,,,,
samsung,11999.0,30990.0,61.28105841,4.1,72.0,,,,,,,Yes,,35 - 50 g,NO,Low,< 18000,151,,,,,,,,,
samsung,18410.0,37999.0,51.55135661,4.3,5228.0,,,,,,3.6,Yes,4.6 inches,50 - 75 g,NO,Low,< 18000,152,,,,,,,,,
samsung,17999.0,19990.0,9.95997999,4.3,5228.0,,,,,,3.6,Yes,4.4 inches,20 - 35 g,NO,Low,< 18000,153,,,,,,,,,
samsung,18000.0,34999.0,48.56995914,4.3,5228.0,,,,,,,Yes,,75g +,NO,Low,< 18000,154,,,,,,,,,
garmin,16990.0,22490.0,24.45531347,4.3,312.0,GM-010-02427-80,,,Silicon,Yes,22.0,Yes,1.3 inches,35 - 50 g,NO,Low,< 18000,163,,,,,,,,,
huawei,16499.0,29999.0,45.00150005,4.7,7108.0,,,,,,,Yes,1.4 inches,35 - 50 g,NO,Low,< 18000,165,,,,,,,,,
huawei,6400.0,11999.0,46.66222185,4.5,49.0,Leia-B19,,,,,8.0,Yes,0.5 inches,75g +,NO,Low,< 18000,166,,,,,,,,,
huawei,15990.0,20990.0,23.82086708,4.4,399.0,Watch GT Active,Circle,Orange,Silicon,Yes,8.0,Yes,1.8 inches,,NO,Low,< 18000,168,,,,,,,,,
huawei,6999.0,9999.0,30.003000300000004,3.3,20.0,Fit,Circle,Orange,Silicon,Yes,17.5,Yes,1.2 inches,,NO,Low,< 18000,170,,,,,,,,,
huawei,8990.0,19990.0,55.02751376,4.3,1269.0,Watch GT 2e Sport,Circle,Red,Thermo Plastic Polyurethene,Yes,8.0,Yes,1.4 inches,,NO,Low,< 18000,173,,,,,,,,,
huawei,11990.0,19990.0,40.02001001,4.3,1269.0,Watch GT 2e Active,Circle,Green,Thermo Plastic Polyurethene,Yes,8.0,Yes,1.4 inches,,NO,Low,< 18000,174,,,,,,,,,
dizo,2126.0,5999.0,64.56076013,3.7,18.0,,,,,Yes,8.0,Yes,1.9 inches,20 - 35 g,NO,Low,< 18000,176,,,,,,,,,
dizo,2126.0,5999.0,64.56076013,3.7,18.0,,,,,Yes,8.0,Yes,1.9 inches,20 - 35 g,NO,Low,< 18000,177,,,,,,,,,
dizo,2999.0,1669.0,-79.68843619,4.0,2.0,,,,,,,Yes,,75g +,NO,Low,< 18000,178,,,,,,,,,
dizo,2126.0,5999.0,64.56076013,3.7,18.0,,,,,Yes,8.0,Yes,1.9 inches,20 - 35 g,NO,Low,< 18000,179,,,,,,,,,
dizo,4299.0,6999.0,38.57693956,2.5,2.0,,,,,,8.0,Yes,,75g +,NO,Low,< 18000,180,,,,,,,,,
dizo,2499.0,3999.0,37.50937734,3.6,70.0,Watch 2 Sports i,Square,Black,Plastic,Yes,22.0,Yes,1.7 inches,,NO,Low,< 18000,199,,,,,,,,,
gizmore,1699.0,5499.0,69.10347336,2.7,10.0,,,,,,,Yes,,75g +,NO,Low,< 18000,200,,,,,,,,,
gizmore,1599.0,5999.0,73.34555759,4.3,37.0,GIZFIT 908 Pro_Black,,,,Yes,12.5,Yes,1.7 inches,75g +,NO,Low,< 18000,201,,,,,,,,,
gizmore,1499.0,5999.0,75.01250208,,,Gizmore Ultra smartwatch-cr,,,,,,Yes,,75g +,NO,Low,< 18000,202,,,,,,,,,
gizmore,1699.0,7999.0,78.75984498,2.0,5.0,,,,,Yes,,Yes,1.7 inches,50 - 75 g,NO,Low,< 18000,203,,,,,,,,,
gizmore,3299.0,5999.0,45.00750125,4.0,102.0,Gizfit 910,,,,Yes,8.0,Yes,1.3 inches,75g +,NO,Low,< 18000,204,,,,,,,,,
gizmore,1499.0,5999.0,75.01250208,3.0,2.0,,,,,,,Yes,,75g +,NO,Low,< 18000,205,,,,,,,,,
gizmore,3299.0,5999.0,45.00750125,4.0,102.0,910,,,Plastic,Yes,12.5,Yes,1.3 inches,75g +,NO,Low,< 18000,206,,,,,,,,,
gizmore,1699.0,5499.0,69.10347336,2.5,3.0,Gizfit Blaze Smartwatch-cr,,,,,,Yes,,75g +,NO,Low,< 18000,207,,,,,,,,,
gizmore,1999.0,5999.0,66.67777963,4.0,1178.0,"Blaze Max 1.85"" BT Calling Edge to Edge Display, Voice Assistance, Bluetooth",Square,Grey,Silicon,Yes,8.0,Yes,1.9 inches,,NO,Low,< 18000,212,,,,,,,,,
gizmore,3499.0,8999.0,61.11790199,3.7,475.0,GizFit GLOW LUXE AMOLED with 3.35 Cm Display | 500 NITS| Bluetooth Calling,Circle,Black,Leather,Yes,3.5,Yes,1.3 inches,,NO,Low,< 18000,213,,,,,,,,,
gizmore,2799.0,6999.0,60.00857265,4.3,7.0,GizFit ORBIT BT Calling with 1.32 Inch Ultra Sharp HD Display|500 NITS|ALWAYS-ON,Circle,Burgundy,Silicon,Yes,3.5,Yes,1.3 inches,,YES,Low,< 18000,216,,,,,,,,,
gizmore,2199.0,5999.0,63.34389065,3.5,10.0,Gizfit 910 Pro Bluetooth Calling with AI Voice Assistance,Square,Black,Silicon,Yes,3.5,Yes,1.7 inches,,NO,Low,< 18000,217,,,,,,,,,
gizmore,1799.0,2999.0,40.01333778,3.8,645.0,GizFit 902,Square,Black,Silicon,Yes,22.0,Yes,1.0 inches,,NO,Low,< 18000,219,,,,,,,,,
gizmore,2799.0,6999.0,60.00857265,4.7,,GizFit ORBIT BT Calling with 3.3 Cm | ALWAYS-ON | 500 NITS Brightness,Circle,Black,Silicon,Yes,3.5,Yes,1.3 inches,,YES,Low,< 18000,222,,,,,,,,,
ambrane,2368.0,4499.0,47.36608135,3.5,301.0,FitShot Curl,,,,,12.5,Yes,,35 - 50 g,NO,Low,< 18000,223,,,,,,,,,
ambrane,2199.0,4999.0,56.01120224,3.9,256.0,FitShot Sphere,,,,Yes,8.0,Yes,,35 - 50 g,NO,Low,< 18000,224,,,,,,,,,
ambrane,1299.0,4999.0,74.01480296,4.2,60292.0,Wise-Eon 1.69Lucid Display bluetooth calling function & 7 days battery life,Square,Grey,Silicon,Yes,22.0,Yes,1.7 inches,,NO,Low,< 18000,225,,,,,,,,,
ambrane,1599.0,5999.0,73.34555759,4.2,25108.0,"Wise-roam 1.28"" Full HD display,bluetooth calling and complete health tracking",Circle,Grey,Silicon,Yes,22.0,Yes,1.3 inches,,NO,Low,< 18000,226,,,,,,,,,
ambrane,1799.0,5999.0,70.01166861,4.2,453.0,"Wise Eon Max with 2.01'' Lucid display, BT Calling, with customisable watch face",Square,Black,Silicon,Yes,22.0,Yes,2.0 inches,,NO,Low,< 18000,227,,,,,,,,,
ambrane,1499.0,5299.0,71.71164371,4.2,8574.0,"Wise Eon Pro1.85"" lucid display with BT calling",Square,Red,Silicon,Yes,22.0,Yes,1.9 inches,,NO,Low,< 18000,228,,,,,,,,,
ambrane,2499.0,5999.0,58.34305718,4.3,7767.0,"Wise Glaze with 1.78"" Amoled display, BT Calling,SPO2 , Heart Rate Monitor",Square,Grey,Silicon,Yes,22.0,Yes,1.8 inches,,NO,Low,< 18000,229,,,,,,,,,
ambrane,1799.0,3799.0,52.64543301,4.2,8003.0,Flex 1.69inch Lucid display and SPO2,Square,Pink,Silicon,Yes,22.0,Yes,1.7 inches,,NO,Low,< 18000,230,,,,,,,,,
ambrane,2299.0,3999.0,42.51062766,4.1,2475.0,Surge 1.28 Curved Display with complete Health Tracking,Circle,Black,Silicon,Yes,22.0,Yes,1.3 inches,,NO,Low,< 18000,231,,,,,,,,,
ambrane,1499.0,3799.0,60.54224796,4.2,1804.0,Flex,Square,Green,Silicon,Yes,22.0,Yes,1.7 inches,,NO,Low,< 18000,233,,,,,,,,,
zebronics,1799.0,6499.0,72.31881828,3.8,2138.0,ZEB-DRIP,,,,Yes,3.5,Yes,4.3 inches,35 - 50 g,NO,Low,< 18000,234,,,,,,,,,
zebronics,2099.0,7999.0,73.7592199,3.8,7386.0,ZEB-FIT7220CH (Metallic Silver),,,Metal,Yes,8.0,Yes,4.4 inches,75g +,NO,Low,< 18000,235,,,,,,,,,
zebronics,1999.0,3999.0,50.01250313,3.8,2452.0,Zeb-Fit280CH(Blue),,,Other,Yes,8.0,Yes,3.5 inches,75g +,NO,Low,< 18000,236,,,,,,,,,
zebronics,2449.0,8499.0,71.18484528,3.9,207.0,,,,,Yes,8.0,Yes,,35 - 50 g,NO,Low,< 18000,237,,,,,,,,,
zebronics,1399.0,3999.0,65.01625406,4.0,311.0,,,,,,,Yes,4.3 inches,35 - 50 g,NO,Low,< 18000,238,,,,,,,,,
zebronics,1799.0,6499.0,72.31881828,3.8,2138.0,ZEB-DRIP (BLUE),,,,,3.5,Yes,,35 - 50 g,NO,Low,< 18000,239,,,,,,,,,
zebronics,3499.0,11499.0,69.57126707,4.2,52.0,ZEB FIT 4 - BLACK (ICONIC ULTRA),,,,Yes,0.75,Yes,1.8 inches,50 - 75 g,NO,Low,< 18000,240,,,,,,,,,
zebronics,3599.0,10999.0,67.27884353,3.9,1611.0,ZEB - COSMOS Lv1 - METALLIC BLACK,,,,Yes,8.0,Yes,4.5 inches,50 - 75 g,NO,Low,< 18000,241,,,,,,,,,
zebronics,1999.0,6999.0,71.43877697,3.8,2138.0,ZEB-DRIP (METAL SILVER),,,,Yes,3.5,Yes,4.3 inches,35 - 50 g,NO,Low,< 18000,242,,,,,,,,,
zebronics,2399.0,5999.0,60.01000167,3.8,3805.0,ZEB-FIT5220CH(Gold Metal),,,Other,Yes,22.0,Yes,4.4 inches,35 - 50 g,NO,Low,< 18000,243,,,,,,,,,
zebronics,3599.0,10999.0,67.27884353,3.9,1611.0,ZEB - COSMOS Lv1 CLASSIC BLACK,,,,Yes,8.0,Yes,4.5 inches,50 - 75 g,NO,Low,< 18000,244,,,,,,,,,
zebronics,2999.0,7999.0,62.50781348,3.5,22.0,Zeb-Fit7220CH,Rectangle,Black,Silicon,Yes,3.5,Yes,6.9 inches,,NO,Low,< 18000,247,,,,,,,,,
zebronics,1999.0,3999.0,50.01250313,3.9,22.0,ZEB FIT8220CH,Square,Rose Gold,Silicon,Yes,17.5,Yes,1.7 inches,,NO,Low,< 18000,249,,,,,,,,,
zebronics,4499.0,7499.0,40.00533404,3.7,3.0,Zeb Fit 7220 CH,Rectangle,Black,Silicon,Yes,22.0,Yes,1.7 inches,,NO,Low,< 18000,250,,,,,,,,,
zebronics,2199.0,4999.0,56.01120224,3.9,22.0,ZEB-FITME,Square,Black,Silicon,Yes,17.5,Yes,1.3 inches,,NO,Low,< 18000,251,,,,,,,,,
zebronics,2999.0,5999.0,50.00833472,3.6,55.0,"ZEB-FIT5220CH 7-Day Data Storage, 8 Sports Mode, SpO2, BP & HR Monitor, (Metal)",Square,Black,Stainless Steel,Yes,22.0,Yes,0.2 inches,,NO,Low,< 18000,252,,,,,,,,,
zebronics,5499.0,7499.0,26.6702227,3.9,22.0,UNBEATABLE ZEB-FIT480CH,Square,Black,Silicon,Yes,22.0,Yes,1.8 inches,,NO,Low,< 18000,253,,,,,,,,,
zebronics,3499.0,3999.0,12.50312578,3.9,,Zeb-Fit1220CH,Square,Gold,Silicon,Yes,22.0,Yes,1.5 inches,,NO,Low,< 18000,254,,,,,,,,,
zebronics,2799.0,5499.0,49.09983633,3.9,22.0,ZEB FIT380CH,Square,Black,Rubber,Yes,22.0,Yes,1.7 inches,,NO,Low,< 18000,255,,,,,,,,,
zebronics,3099.0,7999.0,61.25765721,2.3,3.0,FIT7220CH,Curved,Silver,Aluminium,Yes,22.0,Yes,0.1 inches,,NO,Low,< 18000,260,,,,,,,,,
zebronics,1897.0,1899.0,0.105318589,3.3,4.0,Fitness band,Rectangle,Grey,Silicon,Yes,22.0,Yes,2.3 inches,,NO,Low,< 18000,261,,,,,,,,,
zebronics,2949.0,4199.0,29.76899262,3.1,10.0,LEATHER fit-650,Oval,Black,Leather,Yes,,Yes,2.7 inches,,NO,Low,< 18000,262,,,,,,,,,
zebronics,3449.0,4199.0,17.86139557,2.9,17.0,ZEB-FIT650,Circle,Black,Silicon,Yes,3.5,Yes,2.4 inches,,NO,Low,< 18000,263,,,,,,,,,
zebronics,2999.0,5999.0,50.00833472,4.0,,FIT380CH,Rectangle,Silver,Stainless Steel,Yes,17.5,Yes,1.7 inches,,NO,Low,< 18000,265,,,,,,,,,
pebble,2999.0,6999.0,57.15102157,3.8,3563.0,PFB22 Mint Green,,,,Yes,8.0,Yes,1.8 inches,75g +,NO,Low,< 18000,266,,,,,,,,,
pebble,4499.0,7499.0,40.00533404,3.6,94.0,PFB13 Charcoal Black,,,,Yes,12.5,Yes,1.3 inches,35 - 50 g,NO,Low,< 18000,267,,,,,,,,,
pebble,4299.0,7499.0,42.67235631,3.6,55.0,PFB24,,,,Yes,,Yes,1.1 inches,35 - 50 g,NO,Low,< 18000,268,,,,,,,,,
pebble,4199.0,9499.0,55.79534688,4.2,7828.0,"Cosmos luxe 1.36"" AMOLED Always-on Display Bluetooth calling(Midnight Gold)",Circle,Charcoal,Silicon,Yes,22.0,Yes,0.1 inches,,NO,Low,< 18000,270,,,,,,,,,
pebble,4199.0,9499.0,55.79534688,4.2,7828.0,"Cosmos luxe 1.36"" AMOLED Always-on Display Bluetooth calling",Circle,Green,Silicon,Yes,22.0,Yes,0.1 inches,,NO,Low,< 18000,273,,,,,,,,,
pebble,3499.0,5999.0,41.67361227,4.7,,Zen Pro Unisex SPO2 Grey,Circle,Grey,Silicon,Yes,22.0,Yes,1.3 inches,,NO,Low,< 18000,275,,,,,,,,,
pebble,4699.0,7499.0,37.33831177,4.1,20.0,Revo Bluetooth Calling Smartwatch for Men Black,Circle,Brown,Leather,Yes,8.0,Yes,1.3 inches,,NO,Low,< 18000,276,,,,,,,,,
pebble,3999.0,6499.0,38.46745653,3.4,45.0,Aspire Unisex 2.5D Curved Screen Smartwatch with Female Cycle Tracker Rose Gold,Rectangle,Pink,Silicon,Yes,22.0,Yes,1.6 inches,,NO,Low,< 18000,278,,,,,,,,,
pebble,3999.0,7999.0,50.00625078,3.9,2874.0,Cosmos Pro 1.7inch HD LCD display with Bluetooth calling function,Square,Black,Silicon,Yes,22.0,Yes,0.1 inches,,NO,Low,< 18000,282,,,,,,,,,
pebble,3999.0,7499.0,46.67288972,4.1,99.0,Venus,Circle,Black,Silicon,Yes,22.0,Yes,1.1 inches,,NO,Low,< 18000,283,,,,,,,,,
pebble,3999.0,7999.0,50.00625078,3.9,2874.0,Cosmos Pro 1.7inch HD display with Bluetooth calling function,Square,"Pink, Gold",Silicon,Yes,22.0,Yes,0.1 inches,,NO,Low,< 18000,284,,,,,,,,,
pebble,2499.0,4499.0,44.45432318,3.5,1014.0,"Spark 1.7 inch Bluetooth Calling, HD Display with SPO2, HR Monitor",Rectangle,Deep Wine,Silicon,Yes,,Yes,1.7 inches,20 - 35 g,NO,Low,< 18000,285,,,,,,,,,
pebble,2999.0,5499.0,45.46281142,3.8,5.0,"Pace Pro Smartwatch with 1.7"" HD Curved Display Golden Ivory",Square,Gold,Silicon,Yes,8.0,Yes,0.1 inches,,NO,Low,< 18000,286,,,,,,,,,
pebble,4499.0,7499.0,40.00533404,3.1,10.0,Revo Bluetooth Calling Smartwatch for Men Tan Leather,Circle,Black,Silicon,Yes,8.0,Yes,1.3 inches,,NO,Low,< 18000,287,,,,,,,,,
pebble,1499.0,3299.0,54.56198848,3.8,,"Prism 1.7""Display With Fitness & Outdoor Activity Black",Square,Black,Silicon,Yes,8.0,Yes,0.1 inches,,NO,Low,< 18000,289,,,,,,,,,
pebble,3299.0,4999.0,34.00680136,3.8,,"prism ultra 1.69"" HD Display With Bluetooth Calling Green",Square,Sea Green,Silicon,Yes,8.0,Yes,0.1 inches,,NO,Low,< 18000,290,,,,,,,,,
pebble,2499.0,3299.0,24.24977266,3.8,,"Prism 1.7""Display With Fitness & Outdoor Activity Blue",Square,Blue,Silicon,Yes,8.0,Yes,0.1 inches,,NO,Low,< 18000,291,,,,,,,,,
pebble,4990.0,6999.0,28.70410059,4.1,1964.0,COSMOS,Square,Rose Gold,Silicon,Yes,3.5,Yes,0.1 inches,,NO,Low,< 18000,292,,,,,,,,,
pebble,2999.0,5499.0,45.46281142,3.8,,"Pace Pro Smartwatch with 1.7"" HD Curved Display Golden Black",Square,Black,Silicon,Yes,8.0,Yes,0.1 inches,,NO,Low,< 18000,293,,,,,,,,,
pebble,3999.0,5499.0,27.27768685,4.1,16.0,Prism Max Bluetooth Calling Large Display,Rectangle,Black,Silicon,Yes,22.0,Yes,0.1 inches,,NO,Low,< 18000,294,,,,,,,,,
pebble,5190.0,7499.0,30.7907721,4.1,,Venus Bluetooth Calling Smartwatch with Fitness Tracker for Women-Midnight Gold,Circle,Black,Silicon,Yes,,Yes,0.0 inches,,NO,Low,< 18000,297,,,,,,,,,
hammer,1799.0,4999.0,64.01280256,3.6,516.0,,,,,,,Yes,1.8 inches,75g +,NO,Low,< 18000,298,,,,,,,,,
fitbit,14999.0,,,4.7,5.0,fitbit charge 5 blue,Rectangle,Blue,Silicon,Yes,3.5,No,1.3 inches,,NO,Low,< 18000,301,,,,,,,,,
fitbit,14999.0,,,4.7,6.0,fitbit charge 5 black,Rectangle,Black,Silicon,Yes,3.5,No,0.2 inches,,NO,Low,< 18000,302,,,,,,,,,
fitbit,8999.0,,,4.7,,Inspire 3,Rectangle,Morning Glow,Silicon,Yes,22.0,Yes,0.6 inches,,NO,Low,< 18000,303,,,,,,,,,
fitbit,8999.0,,,4.7,,FitbitInspire 3 Health & Fitness Tracker (Lilac Bliss / Black,Rectangle,Passion Pink,Rubber,Yes,3.5,No,0.2 inches,,NO,Low,< 18000,304,,,,,,,,,
fitbit,17699.0,18999.0,6.8424653929999995,4.3,455.0,Versa 3,Curved,Black,Rubber,Yes,17.5,Yes,15.9 inches,,NO,Low,< 18000,305,,,,,,,,,
fitbit,15499.0,23999.0,35.41814242,4.5,92.0,Versa 2 Special Edition,Square,Multicolor,Fabric,Yes,17.5,Yes,,20 - 35 g,NO,Low,< 18000,308,,,,,,,,,
amazfit,6999.0,9999.0,30.003000300000004,3.7,81.0,"GTS2 Mini with 1.55"" AMOLED Display Built-in Alexa",Rectangle,Black,Silicon,Yes,8.0,Yes,1.6 inches,,NO,Low,< 18000,317,,,,,,,,,
amazfit,7200.0,14999.0,51.99679979,4.0,6.0,Bip Lite,Square,Black,Silicon,Yes,3.5,Yes,3.0 inches,,NO,Low,< 18000,320,,,,,,,,,
fossil,18495.0,,,3.8,172.0,Gen 5E,Circle,Black,Stainless Steel,Yes,22.0,Yes,1.7 inches,,NO,Low,< 18000,321,,,,,,,,,
fossil,15289.0,22995.0,33.51163296,4.0,470.0,Garrett HR,Circle,Silver,Stainless Steel,Yes,17.5,Yes,1.3 inches,,NO,Low,< 18000,322,,,,,,,,,
fossil,17995.0,,,3.9,46.0,Sport Smartwatch,Circle,Multicolor,Silicon,Yes,17.5,Yes,1.2 inches,,NO,Low,< 18000,323,,,,,,,,,
fossil,9995.0,14995.0,33.34444815,3.9,57.0,Fb-01 Hybrid Smartwatch Hr,Circle,Black,Silicon,No,22.0,Yes,1.1 inches,,NO,Low,< 18000,324,,,,,,,,,
fossil,14995.0,22995.0,34.79017178,4.0,4483.0,The Carlyle HR,Circle,Grey,Stainless Steel,Yes,17.5,Yes,1.3 inches,,NO,Low,< 18000,325,,,,,,,,,
fossil,13195.0,21995.0,40.00909298,3.9,510.0,4th Gen Venture HR,Circle,Gold,Stainless Steel,Yes,22.0,Yes,1.6 inches,,NO,Low,< 18000,326,,,,,,,,,
fossil,9995.0,17995.0,44.45679355,4.0,1532.0,Sport 43,Circle,Blue,Silicon,Yes,3.5,Yes,1.2 inches,,NO,Low,< 18000,327,,,,,,,,,
fossil,9198.0,22995.0,60.0,4.3,283.0,Julianna HR,Circle,Beige,Leather,Yes,17.5,Yes,1.3 inches,,NO,Low,< 18000,328,,,,,,,,,
fossil,13495.0,,,4.7,,Jacqueline,Circle,Black,Stainless Steel,No,17.5,Yes,1.3 inches,,NO,Low,< 18000,329,,,,,,,,,
fossil,17995.0,,,4.0,599.0,Sport 41,Circle,Blue,Silicon,Yes,22.0,Yes,1.2 inches,,NO,Low,< 18000,330,,,,,,,,,
fossil,11995.0,,,4.3,4.0,Commuter,Circle,Black,Leather,No,17.5,Yes,1.7 inches,,NO,Low,< 18000,331,,,,,,,,,
fossil,16495.0,,,4.1,123.0,Collider Hybrid HR,Circle,Grey,Stainless Steel,No,3.5,Yes,1.1 inches,,NO,Low,< 18000,333,,,,,,,,,
fossil,16495.0,,,4.7,,Neutra Hybrid HR,Circle,Silver,Stainless Steel,No,8.0,Yes,1.1 inches,,NO,Low,< 18000,334,,,,,,,,,
fossil,9995.0,16495.0,39.40588057,3.8,144.0,FB-01 Hybrid HR,Circle,Black,Stainless Steel,Yes,3.5,Yes,1.1 inches,,NO,Low,< 18000,335,,,,,,,,,
fossil,13995.0,,,3.8,4.0,FTW1140 Q Hybrid Watch,Circle,Blue,Stainless Steel,No,22.0,Yes,,,NO,Low,< 18000,336,,,,,,,,,
fossil,13495.0,,,4.4,11.0,Q Jacqueline,Circle,Silver,Stainless Steel,No,17.5,Yes,1.3 inches,,NO,Low,< 18000,337,,,,,,,,,
fossil,13495.0,,,4.7,3.0,Neely,Circle,Blue,Stainless Steel,No,17.5,Yes,1.3 inches,,NO,Low,< 18000,338,,,,,,,,,
fossil,10998.0,21995.0,49.99772676,3.9,5182.0,4th Gen Explorist HR,Circle,Black,Silicon,Yes,22.0,Yes,1.8 inches,,NO,Low,< 18000,339,,,,,,,,,
garmin,27990.0,36490.0,23.29405317,4.5,4339.0,,,,,,,,,<= 20 g,NO,Medium,< 56000,357,,,,,,,,,
garmin,18990.0,27990.0,32.15434084,4.3,19.0,,,,,,,,,<= 20 g,NO,Medium,< 56000,358,,,,,,,,,
garmin,34990.0,51990.0,32.69859588,4.3,19.0,GM-010-02445-60,,,Carbon-Fiber;,,8.0,Yes,,35 - 50 g,NO,Medium,< 56000,359,,,,,,,,,
garmin,20990.0,25990.0,19.23816853,4.3,127.0,,,,,,,,,<= 20 g,NO,Medium,< 56000,360,,,,,,,,,
garmin,18990.0,20490.0,7.320644217000001,3.5,7.0,,,,,,,,,,NO,Medium,< 56000,361,,,,,,,,,
garmin,39490.0,,,5.0,6.0,"Forerunner 255, GPS Running Smartwatch, Advanced Insights, HRV Status",Circle,Grey,Silicon,No,8.0,Yes,1.3 inches,,NO,Medium,< 56000,362,,,,,,,,,
garmin,39490.0,41990.0,5.953798523,4.8,6.0,"Venu 2, GPS Smartwatch, AMOLED Display, Upto 11 Days Battery, SPO2 & Music",Circle,Blue,Silicon,Yes,17.5,Yes,33.0 inches,,NO,Medium,< 56000,366,,,,,,,,,
garmin,20990.0,,,4.2,61.0,"Forerunner 55, GPS Smartwatch, upto 2 Weeks of Battery Life, PacePro Technology",Circle,Blue,Silicon,No,22.0,Yes,1.0 inches,,NO,Medium,< 56000,367,,,,,,,,,
garmin,44990.0,50490.0,10.89324619,4.0,6.0,"Instinct 2 Solar, Rugged Outdoor SmartWatch, Multi GNSS, Tracback Routing",Circle,Blue,Silicon,No,17.5,Yes,0.9 inches,,NO,Medium,< 56000,369,,,,,,,,,
garmin,22990.0,31490.0,26.99269609,4.1,20.0,"Instinct Esports Edition, Broadcast stress level & HR to PC gaming streams*",Circle,Black,Silicon,No,8.0,Yes,0.9 inches,,NO,Medium,< 56000,370,,,,,,,,,
garmin,33490.0,36990.0,9.462016761000001,4.6,5.0,"Instinct 2, Battery Upto 28 days, Tracback Routing, Multi GNSS, Health Snapshot",Circle,Black,Silicon,No,17.5,Yes,0.9 inches,,NO,Medium,< 56000,371,,,,,,,,,
garmin,39490.0,44990.0,12.22493888,4.7,109.0,"Venu 2S, GPS Smartwatch, AMOLED Display, Upto 11 Days Battery, SPO2 & Music",Circle,White,Silicon,Yes,22.0,Yes,27.9 inches,,NO,Medium,< 56000,372,,,,,,,,,
garmin,20490.0,,,5.0,3.0,Vivomove Sports,Circle,Brown,Silicon,No,3.5,Yes,18.5 inches,,NO,Medium,< 56000,374,,,,,,,,,
garmin,44990.0,46990.0,4.2562247289999995,4.0,6.0,"Instinct 2 Solar, Battery Up to 28 days/Unlimited with solar*, Tracback Routing",Circle,Black,Silicon,No,17.5,Yes,0.9 inches,,NO,Medium,< 56000,376,,,,,,,,,
garmin,46990.0,62490.0,24.80396863,4.1,10.0,"Forerunner 945, Premium GPS Running/Triathlon Smartwatch with Music",Circle,Black,Silicon,No,8.0,Yes,1.9 inches,,NO,Medium,< 56000,377,,,,,,,,,
garmin,33490.0,39490.0,15.19371993,4.7,109.0,"Instinct 2S, Battery Upto 21 days, Health Snapshot, SPO2, HIIT workout, VO2 Max",Circle,Red,Silicon,No,17.5,No,0.8 inches,,NO,Medium,< 56000,378,,,,,,,,,
garmin,20990.0,25990.0,19.23816853,3.4,7.0,"Venu Sq Music, Smartwatch, Advanced Sleep Monitoring, Upto 6 Days Battery, SPO2",Square,Blue,Silicon,Yes,17.5,Yes,1.3 inches,,NO,Medium,< 56000,379,,,,,,,,,
garmin,44990.0,50490.0,10.89324619,4.7,,"Instinct 2S Solar, Battery Upto 21 days/51 days with solar*, SPO2, HIIT workout",Circle,Green,Silicon,No,17.5,Yes,0.8 inches,,NO,Medium,< 56000,380,,,,,,,,,
garmin,39490.0,44990.0,12.22493888,4.7,109.0,"Instinct 2, Rugged Outdoor Watch with GPS, Built for All Elements, Multi-GNSS",Circle,Grey,Silicon,No,17.5,Yes,0.9 inches,,NO,Medium,< 56000,381,,,,,,,,,
garmin,50490.0,55990.0,9.823182711,4.7,109.0,"Instinct 2 Solar, Tactical Rugged SmartWatch, Multi GNSS, Tracback Routing",Circle,Brown,Silicon,No,17.5,Yes,0.9 inches,,NO,Medium,< 56000,382,,,,,,,,,
huawei,26581.0,42513.0,37.47559570000001,4.7,830.0,,,,,,,Yes,1.4 inches,35 - 50 g,NO,Medium,< 56000,384,,,,,,,,,
huawei,29999.0,,,3.8,5.0,Watch 2 Sport with 4G,Circle,Black,Silicon,Yes,17.5,Yes,1.2 inches,,NO,Medium,< 56000,386,,,,,,,,,
huawei,25999.0,,,3.9,21.0,Watch 2 Leather,Circle,Black,Leather,Yes,17.5,Yes,1.2 inches,,NO,Medium,< 56000,387,,,,,,,,,
apple,23349.0,23900.0,2.305439331,4.6,55800.0,"Watch Series 3 (GPS, 42mm) - Space Grey Aluminium Case with Black Sport Band",Rectangle,Black,Silicon,Yes,22.0,Yes,1.7 inches,,NO,Medium,< 56000,390,,,,,,,,,
apple,22900.0,23900.0,4.184100418,4.6,55800.0,"Watch Series 3 (GPS, 42mm) - Silver Aluminium Case with White Sport Band",Rectangle,White,Silicon,Yes,22.0,Yes,1.7 inches,,NO,Medium,< 56000,403,,,,,,,,,
fitbit,20499.0,,,4.7,114.0,Fitbit Versa 4 Fitness Watch (Pink Sand / Copper Rose Aluminium) 6Membership,Curved,Pink,Silicon,Yes,3.5,Yes,0.2 inches,,NO,Medium,< 56000,412,,,,,,,,,
fitbit,26499.0,,,4.1,367.0,Ionic,Square,Grey,Rubber,Yes,17.5,Yes,1.3 inches,,NO,Medium,< 56000,415,,,,,,,,,
fitbit,19999.0,,,4.2,1583.0,Blaze,Contemporary,Black,Rubber,Yes,3.5,Yes,1.3 inches,,NO,Medium,< 56000,416,,,,,,,,,
fitbit,24990.0,,,3.9,188.0,Surge,Square,Blue,Rubber,Yes,22.0,Yes,1.3 inches,,NO,Medium,< 56000,417,,,,,,,,,
fitbit,20499.0,,,4.7,,Fitbit Versa 4 Fitness Watch (Black / Graphite Aluminium)6-Month Membership,Curved,Black,Rubber,Yes,3.5,Yes,0.2 inches,,NO,Medium,< 56000,420,,,,,,,,,
fitbit,20499.0,,,4.7,,Fitbit Versa 4 Fitness Watch (Waterfall Blue / Platinum Aluminium) Membership,Curved,Blue,Rubber,Yes,22.0,Yes,0.2 inches,,NO,Medium,< 56000,421,,,,,,,,,
amazfit,19999.0,23999.0,16.66736114,4.3,,GTS 4 Alexa Built-in Fitness Tracker Calling 1.75'' HD Display SpO2 Waterproof,Rectangle,White,Silicon,Yes,8.0,Yes,1.8 inches,,NO,Medium,< 56000,423,,,,,,,,,
fossil,23995.0,,,4.2,343.0,Gen 6,Circle,Purple,Silicon,Yes,17.5,Yes,1.3 inches,,NO,Medium,< 56000,424,,,,,,,,,
fossil,19999.0,21995.0,9.074789725,3.8,53.0,Q Venture,Circle,Silver,Stainless Steel,Yes,22.0,Yes,1.7 inches,,NO,Medium,< 56000,425,,,,,,,,,
fossil,18995.0,,,4.0,102.0,Wander RG,Circle,Black,Silicon,Yes,22.0,Yes,45.0 inches,,NO,Medium,< 56000,426,,,,,,,,,
fossil,19995.0,,,3.1,28.0,FTW4003 Smart Watch,Circle,Brown,Leather,Yes,22.0,Yes,1.4 inches,,NO,Medium,< 56000,427,,,,,,,,,
fossil,19995.0,,,4.4,69.0,Q Explorist,Circle,Black,Leather,Yes,22.0,Yes,1.7 inches,,NO,Medium,< 56000,428,,,,,,,,,
noise,82990.0,89900.0,7.686318131,4.0,65.0,Wrb-sw-colorfitpro4alpha-std-rgld_pnk,,,,,8.0,Yes,,35 - 50 g,YES,High,< 140000,429,,,,,,,,,
garmin,78490.0,89460.0,12.26246367,4.4,6.0,,,,,,,,,<= 20 g,NO,High,< 140000,430,,,,,,,,,
garmin,139990.0,,,4.7,6022.0,"Fenix 7X Sapphire Solar, Up to 28 days/37 days with solar*, Built in Flashlight",Circle,Silver,Stainless Steel,Yes,17.5,Yes,0.1 inches,,YES,High,< 140000,431,,,,,,,,,
garmin,89490.0,93990.0,4.787743377,4.7,,"Fenix 7 Solar Multisport Watch, PacePro Technology, ClimbPro, Stamina Tracking",Circle,Black,Silicon,Yes,12.5,Yes,0.1 inches,,NO,High,< 140000,432,,,,,,,,,
garmin,98990.0,,,4.7,6022.0,"Epix Gen 2, Sapphire, Up to 16 days Battery, AMOLED Display, Real Time Stamina",Circle,Black,Silicon,Yes,17.5,Yes,0.1 inches,,NO,High,< 140000,434,,,,,,,,,
garmin,89490.0,89990.0,0.555617291,4.7,6022.0,"Epix Gen 2, Up to 16 days Battery, AMOLED Display, Real Time Stamina",Circle,Grey,Silicon,Yes,17.5,Yes,0.1 inches,,NO,High,< 140000,435,,,,,,,,,
garmin,76990.0,96390.0,20.12656915,4.7,7.0,"Fenix 6 Sapphire Carbon Gray DLC, Wrist-Based Heart Rate and Pulse OX, Sensors",Circle,Silver,Silicon,Yes,17.5,Yes,1.3 inches,,NO,High,< 140000,437,,,,,,,,,
garmin,67490.0,67990.0,0.735402265,4.7,6022.0,"Fenix 7 Multisport GPS Watch, Upto 18 Days Battery, Climbpro, Stamina, HRV",Circle,Grey,Silicon,Yes,12.5,Yes,0.1 inches,,NO,High,< 140000,438,,,,,,,,,
fire-boltt,,,,4.3,39274.0,BSW049,,,Silicon,Yes,3.5,Yes,1.3 inches,35 - 50 g,NO,,,441,,,,,,,,,
boat,,,,5.0,,"Wave Beat Call with BT Calling, 1.69 HD Display & 600+ Watch Face",Rectangle,Black,Silicon,Yes,22.0,Yes,1.7 inches,,NO,,,442,,,,,,,,,
samsung,,,,4.3,5228.0,,,,,,3.6,Yes,4.4 inches,20 - 35 g,NO,,,443,,,,,,,,,
garmin,,,,3.7,6.0,,,,,Yes,22.0,Yes,35.9 inches,35 - 50 g,NO,,,444,,,,,,,,,
garmin,,,,5.0,1.0,,,,,Yes,22.0,Yes,35.9 inches,35 - 50 g,NO,,,445,,,,,,,,,
garmin,,,,3.8,38.0,7.54E+11,,,Stainless Steel,Yes,8.0,Yes,30.0 inches,75g +,NO,,,446,,,,,,,,,
dizo,,,,2.4,7.0,,,,,,,Yes,,75g +,NO,,,447,,,,,,,,,
zebronics,,,,3.5,100.0,ZEB-FIT7220CH (Metallic Silver)-cr,,,,Yes,8.0,Yes,4.4 inches,75g +,NO,,,448,,,,,,,,,
pebble,,,,3.6,725.0,PFB16 Black Rock,,,,Yes,12.5,Yes,1.3 inches,50 - 75 g,NO,,,449,,,,,,,,,
fitbit,,,,,,,,,,,,,,,NO,,,450,,,,,,,,,
